ISO-10303-21;
HEADER;
FILE_DESCRIPTION(('FreeCAD Model'),'2;1');
FILE_NAME('Open CASCADE Shape Model','2026-09-02T00:18:37',('FreeCAD'),(
    'FreeCAD'),'Open CASCADE STEP processor 7.8','FreeCAD','Unknown');
FILE_SCHEMA(('AUTOMOTIVE_DESIGN { 1 0 10303 214 1 1 1 1 }'));
ENDSEC;
DATA;
#1 = APPLICATION_PROTOCOL_DEFINITION('international standard',
  'automotive_design',2000,#2);
#2 = APPLICATION_CONTEXT(
  'core data for automotive mechanical design processes');
#3 = SHAPE_DEFINITION_REPRESENTATION(#4,#10);
#4 = PRODUCT_DEFINITION_SHAPE('','',#5);
#5 = PRODUCT_DEFINITION('design','',#6,#9);
#6 = PRODUCT_DEFINITION_FORMATION('','',#7);
#7 = PRODUCT('Open CASCADE STEP translator 7.8 1',
  'Open CASCADE STEP translator 7.8 1','',(#8));
#8 = PRODUCT_CONTEXT('',#2,'mechanical');
#9 = PRODUCT_DEFINITION_CONTEXT('part definition',#2,'design');
#10 = SHAPE_REPRESENTATION('',(#11,#15,#165,#315,#465,#615,#765,#915,
    #1065,#1215,#1365,#1515,#1665,#1815,#1965,#2018,#2071,#2124,#2177,
    #2230,#2283,#2336,#2389,#2442,#2495,#2548,#2601,#2751,#2901,#3051),
  #3201);
#11 = AXIS2_PLACEMENT_3D('',#12,#13,#14);
#12 = CARTESIAN_POINT('',(0.,0.,0.));
#13 = DIRECTION('',(0.,0.,1.));
#14 = DIRECTION('',(1.,0.,-0.));
#15 = MANIFOLD_SOLID_BREP('',#16);
#16 = CLOSED_SHELL('',(#17,#57,#97,#119,#141,#153));
#17 = ADVANCED_FACE('',(#18),#52,.F.);
#18 = FACE_BOUND('',#19,.F.);
#19 = EDGE_LOOP('',(#20,#30,#38,#46));
#20 = ORIENTED_EDGE('',*,*,#21,.F.);
#21 = EDGE_CURVE('',#22,#24,#26,.T.);
#22 = VERTEX_POINT('',#23);
#23 = CARTESIAN_POINT('',(16.3,9.5,0.8));
#24 = VERTEX_POINT('',#25);
#25 = CARTESIAN_POINT('',(16.3,9.5,5.1));
#26 = LINE('',#27,#28);
#27 = CARTESIAN_POINT('',(16.3,9.5,0.8));
#28 = VECTOR('',#29,1.);
#29 = DIRECTION('',(0.,0.,1.));
#30 = ORIENTED_EDGE('',*,*,#31,.T.);
#31 = EDGE_CURVE('',#22,#32,#34,.T.);
#32 = VERTEX_POINT('',#33);
#33 = CARTESIAN_POINT('',(16.3,37.3,0.8));
#34 = LINE('',#35,#36);
#35 = CARTESIAN_POINT('',(16.3,9.5,0.8));
#36 = VECTOR('',#37,1.);
#37 = DIRECTION('',(0.,1.,0.));
#38 = ORIENTED_EDGE('',*,*,#39,.T.);
#39 = EDGE_CURVE('',#32,#40,#42,.T.);
#40 = VERTEX_POINT('',#41);
#41 = CARTESIAN_POINT('',(16.3,37.3,5.1));
#42 = LINE('',#43,#44);
#43 = CARTESIAN_POINT('',(16.3,37.3,0.8));
#44 = VECTOR('',#45,1.);
#45 = DIRECTION('',(0.,0.,1.));
#46 = ORIENTED_EDGE('',*,*,#47,.F.);
#47 = EDGE_CURVE('',#24,#40,#48,.T.);
#48 = LINE('',#49,#50);
#49 = CARTESIAN_POINT('',(16.3,9.5,5.1));
#50 = VECTOR('',#51,1.);
#51 = DIRECTION('',(0.,1.,0.));
#52 = PLANE('',#53);
#53 = AXIS2_PLACEMENT_3D('',#54,#55,#56);
#54 = CARTESIAN_POINT('',(16.3,9.5,0.8));
#55 = DIRECTION('',(1.,0.,0.));
#56 = DIRECTION('',(0.,0.,1.));
#57 = ADVANCED_FACE('',(#58),#92,.T.);
#58 = FACE_BOUND('',#59,.T.);
#59 = EDGE_LOOP('',(#60,#70,#78,#86));
#60 = ORIENTED_EDGE('',*,*,#61,.F.);
#61 = EDGE_CURVE('',#62,#64,#66,.T.);
#62 = VERTEX_POINT('',#63);
#63 = CARTESIAN_POINT('',(43.8,9.5,0.8));
#64 = VERTEX_POINT('',#65);
#65 = CARTESIAN_POINT('',(43.8,9.5,5.1));
#66 = LINE('',#67,#68);
#67 = CARTESIAN_POINT('',(43.8,9.5,0.8));
#68 = VECTOR('',#69,1.);
#69 = DIRECTION('',(0.,0.,1.));
#70 = ORIENTED_EDGE('',*,*,#71,.T.);
#71 = EDGE_CURVE('',#62,#72,#74,.T.);
#72 = VERTEX_POINT('',#73);
#73 = CARTESIAN_POINT('',(43.8,37.3,0.8));
#74 = LINE('',#75,#76);
#75 = CARTESIAN_POINT('',(43.8,9.5,0.8));
#76 = VECTOR('',#77,1.);
#77 = DIRECTION('',(0.,1.,0.));
#78 = ORIENTED_EDGE('',*,*,#79,.T.);
#79 = EDGE_CURVE('',#72,#80,#82,.T.);
#80 = VERTEX_POINT('',#81);
#81 = CARTESIAN_POINT('',(43.8,37.3,5.1));
#82 = LINE('',#83,#84);
#83 = CARTESIAN_POINT('',(43.8,37.3,0.8));
#84 = VECTOR('',#85,1.);
#85 = DIRECTION('',(0.,0.,1.));
#86 = ORIENTED_EDGE('',*,*,#87,.F.);
#87 = EDGE_CURVE('',#64,#80,#88,.T.);
#88 = LINE('',#89,#90);
#89 = CARTESIAN_POINT('',(43.8,9.5,5.1));
#90 = VECTOR('',#91,1.);
#91 = DIRECTION('',(0.,1.,0.));
#92 = PLANE('',#93);
#93 = AXIS2_PLACEMENT_3D('',#94,#95,#96);
#94 = CARTESIAN_POINT('',(43.8,9.5,0.8));
#95 = DIRECTION('',(1.,0.,0.));
#96 = DIRECTION('',(0.,0.,1.));
#97 = ADVANCED_FACE('',(#98),#114,.F.);
#98 = FACE_BOUND('',#99,.F.);
#99 = EDGE_LOOP('',(#100,#106,#107,#113));
#100 = ORIENTED_EDGE('',*,*,#101,.F.);
#101 = EDGE_CURVE('',#22,#62,#102,.T.);
#102 = LINE('',#103,#104);
#103 = CARTESIAN_POINT('',(16.3,9.5,0.8));
#104 = VECTOR('',#105,1.);
#105 = DIRECTION('',(1.,0.,0.));
#106 = ORIENTED_EDGE('',*,*,#21,.T.);
#107 = ORIENTED_EDGE('',*,*,#108,.T.);
#108 = EDGE_CURVE('',#24,#64,#109,.T.);
#109 = LINE('',#110,#111);
#110 = CARTESIAN_POINT('',(16.3,9.5,5.1));
#111 = VECTOR('',#112,1.);
#112 = DIRECTION('',(1.,0.,0.));
#113 = ORIENTED_EDGE('',*,*,#61,.F.);
#114 = PLANE('',#115);
#115 = AXIS2_PLACEMENT_3D('',#116,#117,#118);
#116 = CARTESIAN_POINT('',(16.3,9.5,0.8));
#117 = DIRECTION('',(0.,1.,0.));
#118 = DIRECTION('',(0.,0.,1.));
#119 = ADVANCED_FACE('',(#120),#136,.T.);
#120 = FACE_BOUND('',#121,.T.);
#121 = EDGE_LOOP('',(#122,#128,#129,#135));
#122 = ORIENTED_EDGE('',*,*,#123,.F.);
#123 = EDGE_CURVE('',#32,#72,#124,.T.);
#124 = LINE('',#125,#126);
#125 = CARTESIAN_POINT('',(16.3,37.3,0.8));
#126 = VECTOR('',#127,1.);
#127 = DIRECTION('',(1.,0.,0.));
#128 = ORIENTED_EDGE('',*,*,#39,.T.);
#129 = ORIENTED_EDGE('',*,*,#130,.T.);
#130 = EDGE_CURVE('',#40,#80,#131,.T.);
#131 = LINE('',#132,#133);
#132 = CARTESIAN_POINT('',(16.3,37.3,5.1));
#133 = VECTOR('',#134,1.);
#134 = DIRECTION('',(1.,0.,0.));
#135 = ORIENTED_EDGE('',*,*,#79,.F.);
#136 = PLANE('',#137);
#137 = AXIS2_PLACEMENT_3D('',#138,#139,#140);
#138 = CARTESIAN_POINT('',(16.3,37.3,0.8));
#139 = DIRECTION('',(0.,1.,0.));
#140 = DIRECTION('',(0.,0.,1.));
#141 = ADVANCED_FACE('',(#142),#148,.F.);
#142 = FACE_BOUND('',#143,.F.);
#143 = EDGE_LOOP('',(#144,#145,#146,#147));
#144 = ORIENTED_EDGE('',*,*,#31,.F.);
#145 = ORIENTED_EDGE('',*,*,#101,.T.);
#146 = ORIENTED_EDGE('',*,*,#71,.T.);
#147 = ORIENTED_EDGE('',*,*,#123,.F.);
#148 = PLANE('',#149);
#149 = AXIS2_PLACEMENT_3D('',#150,#151,#152);
#150 = CARTESIAN_POINT('',(16.3,9.5,0.8));
#151 = DIRECTION('',(0.,0.,1.));
#152 = DIRECTION('',(1.,0.,0.));
#153 = ADVANCED_FACE('',(#154),#160,.T.);
#154 = FACE_BOUND('',#155,.T.);
#155 = EDGE_LOOP('',(#156,#157,#158,#159));
#156 = ORIENTED_EDGE('',*,*,#47,.F.);
#157 = ORIENTED_EDGE('',*,*,#108,.T.);
#158 = ORIENTED_EDGE('',*,*,#87,.T.);
#159 = ORIENTED_EDGE('',*,*,#130,.F.);
#160 = PLANE('',#161);
#161 = AXIS2_PLACEMENT_3D('',#162,#163,#164);
#162 = CARTESIAN_POINT('',(16.3,9.5,5.1));
#163 = DIRECTION('',(0.,0.,1.));
#164 = DIRECTION('',(1.,0.,0.));
#165 = MANIFOLD_SOLID_BREP('',#166);
#166 = CLOSED_SHELL('',(#167,#207,#247,#269,#291,#303));
#167 = ADVANCED_FACE('',(#168),#202,.F.);
#168 = FACE_BOUND('',#169,.F.);
#169 = EDGE_LOOP('',(#170,#180,#188,#196));
#170 = ORIENTED_EDGE('',*,*,#171,.F.);
#171 = EDGE_CURVE('',#172,#174,#176,.T.);
#172 = VERTEX_POINT('',#173);
#173 = CARTESIAN_POINT('',(2.,2.,15.2));
#174 = VERTEX_POINT('',#175);
#175 = CARTESIAN_POINT('',(2.,2.,29.4));
#176 = LINE('',#177,#178);
#177 = CARTESIAN_POINT('',(2.,2.,15.2));
#178 = VECTOR('',#179,1.);
#179 = DIRECTION('',(0.,0.,1.));
#180 = ORIENTED_EDGE('',*,*,#181,.T.);
#181 = EDGE_CURVE('',#172,#182,#184,.T.);
#182 = VERTEX_POINT('',#183);
#183 = CARTESIAN_POINT('',(2.,20.3,15.2));
#184 = LINE('',#185,#186);
#185 = CARTESIAN_POINT('',(2.,2.,15.2));
#186 = VECTOR('',#187,1.);
#187 = DIRECTION('',(0.,1.,0.));
#188 = ORIENTED_EDGE('',*,*,#189,.T.);
#189 = EDGE_CURVE('',#182,#190,#192,.T.);
#190 = VERTEX_POINT('',#191);
#191 = CARTESIAN_POINT('',(2.,20.3,29.4));
#192 = LINE('',#193,#194);
#193 = CARTESIAN_POINT('',(2.,20.3,15.2));
#194 = VECTOR('',#195,1.);
#195 = DIRECTION('',(0.,0.,1.));
#196 = ORIENTED_EDGE('',*,*,#197,.F.);
#197 = EDGE_CURVE('',#174,#190,#198,.T.);
#198 = LINE('',#199,#200);
#199 = CARTESIAN_POINT('',(2.,2.,29.4));
#200 = VECTOR('',#201,1.);
#201 = DIRECTION('',(0.,1.,0.));
#202 = PLANE('',#203);
#203 = AXIS2_PLACEMENT_3D('',#204,#205,#206);
#204 = CARTESIAN_POINT('',(2.,2.,15.2));
#205 = DIRECTION('',(1.,0.,0.));
#206 = DIRECTION('',(0.,0.,1.));
#207 = ADVANCED_FACE('',(#208),#242,.T.);
#208 = FACE_BOUND('',#209,.T.);
#209 = EDGE_LOOP('',(#210,#220,#228,#236));
#210 = ORIENTED_EDGE('',*,*,#211,.F.);
#211 = EDGE_CURVE('',#212,#214,#216,.T.);
#212 = VERTEX_POINT('',#213);
#213 = CARTESIAN_POINT('',(45.2,2.,15.2));
#214 = VERTEX_POINT('',#215);
#215 = CARTESIAN_POINT('',(45.2,2.,29.4));
#216 = LINE('',#217,#218);
#217 = CARTESIAN_POINT('',(45.2,2.,15.2));
#218 = VECTOR('',#219,1.);
#219 = DIRECTION('',(0.,0.,1.));
#220 = ORIENTED_EDGE('',*,*,#221,.T.);
#221 = EDGE_CURVE('',#212,#222,#224,.T.);
#222 = VERTEX_POINT('',#223);
#223 = CARTESIAN_POINT('',(45.2,20.3,15.2));
#224 = LINE('',#225,#226);
#225 = CARTESIAN_POINT('',(45.2,2.,15.2));
#226 = VECTOR('',#227,1.);
#227 = DIRECTION('',(0.,1.,0.));
#228 = ORIENTED_EDGE('',*,*,#229,.T.);
#229 = EDGE_CURVE('',#222,#230,#232,.T.);
#230 = VERTEX_POINT('',#231);
#231 = CARTESIAN_POINT('',(45.2,20.3,29.4));
#232 = LINE('',#233,#234);
#233 = CARTESIAN_POINT('',(45.2,20.3,15.2));
#234 = VECTOR('',#235,1.);
#235 = DIRECTION('',(0.,0.,1.));
#236 = ORIENTED_EDGE('',*,*,#237,.F.);
#237 = EDGE_CURVE('',#214,#230,#238,.T.);
#238 = LINE('',#239,#240);
#239 = CARTESIAN_POINT('',(45.2,2.,29.4));
#240 = VECTOR('',#241,1.);
#241 = DIRECTION('',(0.,1.,0.));
#242 = PLANE('',#243);
#243 = AXIS2_PLACEMENT_3D('',#244,#245,#246);
#244 = CARTESIAN_POINT('',(45.2,2.,15.2));
#245 = DIRECTION('',(1.,0.,0.));
#246 = DIRECTION('',(0.,0.,1.));
#247 = ADVANCED_FACE('',(#248),#264,.F.);
#248 = FACE_BOUND('',#249,.F.);
#249 = EDGE_LOOP('',(#250,#256,#257,#263));
#250 = ORIENTED_EDGE('',*,*,#251,.F.);
#251 = EDGE_CURVE('',#172,#212,#252,.T.);
#252 = LINE('',#253,#254);
#253 = CARTESIAN_POINT('',(2.,2.,15.2));
#254 = VECTOR('',#255,1.);
#255 = DIRECTION('',(1.,0.,0.));
#256 = ORIENTED_EDGE('',*,*,#171,.T.);
#257 = ORIENTED_EDGE('',*,*,#258,.T.);
#258 = EDGE_CURVE('',#174,#214,#259,.T.);
#259 = LINE('',#260,#261);
#260 = CARTESIAN_POINT('',(2.,2.,29.4));
#261 = VECTOR('',#262,1.);
#262 = DIRECTION('',(1.,0.,0.));
#263 = ORIENTED_EDGE('',*,*,#211,.F.);
#264 = PLANE('',#265);
#265 = AXIS2_PLACEMENT_3D('',#266,#267,#268);
#266 = CARTESIAN_POINT('',(2.,2.,15.2));
#267 = DIRECTION('',(0.,1.,0.));
#268 = DIRECTION('',(0.,0.,1.));
#269 = ADVANCED_FACE('',(#270),#286,.T.);
#270 = FACE_BOUND('',#271,.T.);
#271 = EDGE_LOOP('',(#272,#278,#279,#285));
#272 = ORIENTED_EDGE('',*,*,#273,.F.);
#273 = EDGE_CURVE('',#182,#222,#274,.T.);
#274 = LINE('',#275,#276);
#275 = CARTESIAN_POINT('',(2.,20.3,15.2));
#276 = VECTOR('',#277,1.);
#277 = DIRECTION('',(1.,0.,0.));
#278 = ORIENTED_EDGE('',*,*,#189,.T.);
#279 = ORIENTED_EDGE('',*,*,#280,.T.);
#280 = EDGE_CURVE('',#190,#230,#281,.T.);
#281 = LINE('',#282,#283);
#282 = CARTESIAN_POINT('',(2.,20.3,29.4));
#283 = VECTOR('',#284,1.);
#284 = DIRECTION('',(1.,0.,0.));
#285 = ORIENTED_EDGE('',*,*,#229,.F.);
#286 = PLANE('',#287);
#287 = AXIS2_PLACEMENT_3D('',#288,#289,#290);
#288 = CARTESIAN_POINT('',(2.,20.3,15.2));
#289 = DIRECTION('',(0.,1.,0.));
#290 = DIRECTION('',(0.,0.,1.));
#291 = ADVANCED_FACE('',(#292),#298,.F.);
#292 = FACE_BOUND('',#293,.F.);
#293 = EDGE_LOOP('',(#294,#295,#296,#297));
#294 = ORIENTED_EDGE('',*,*,#181,.F.);
#295 = ORIENTED_EDGE('',*,*,#251,.T.);
#296 = ORIENTED_EDGE('',*,*,#221,.T.);
#297 = ORIENTED_EDGE('',*,*,#273,.F.);
#298 = PLANE('',#299);
#299 = AXIS2_PLACEMENT_3D('',#300,#301,#302);
#300 = CARTESIAN_POINT('',(2.,2.,15.2));
#301 = DIRECTION('',(0.,0.,1.));
#302 = DIRECTION('',(1.,0.,0.));
#303 = ADVANCED_FACE('',(#304),#310,.T.);
#304 = FACE_BOUND('',#305,.T.);
#305 = EDGE_LOOP('',(#306,#307,#308,#309));
#306 = ORIENTED_EDGE('',*,*,#197,.F.);
#307 = ORIENTED_EDGE('',*,*,#258,.T.);
#308 = ORIENTED_EDGE('',*,*,#237,.T.);
#309 = ORIENTED_EDGE('',*,*,#280,.F.);
#310 = PLANE('',#311);
#311 = AXIS2_PLACEMENT_3D('',#312,#313,#314);
#312 = CARTESIAN_POINT('',(2.,2.,29.4));
#313 = DIRECTION('',(0.,0.,1.));
#314 = DIRECTION('',(1.,0.,0.));
#315 = MANIFOLD_SOLID_BREP('',#316);
#316 = CLOSED_SHELL('',(#317,#357,#397,#419,#441,#453));
#317 = ADVANCED_FACE('',(#318),#352,.F.);
#318 = FACE_BOUND('',#319,.F.);
#319 = EDGE_LOOP('',(#320,#330,#338,#346));
#320 = ORIENTED_EDGE('',*,*,#321,.F.);
#321 = EDGE_CURVE('',#322,#324,#326,.T.);
#322 = VERTEX_POINT('',#323);
#323 = CARTESIAN_POINT('',(30.5,22.3,8.5));
#324 = VERTEX_POINT('',#325);
#325 = CARTESIAN_POINT('',(30.5,22.3,17.5));
#326 = LINE('',#327,#328);
#327 = CARTESIAN_POINT('',(30.5,22.3,8.5));
#328 = VECTOR('',#329,1.);
#329 = DIRECTION('',(0.,0.,1.));
#330 = ORIENTED_EDGE('',*,*,#331,.T.);
#331 = EDGE_CURVE('',#322,#332,#334,.T.);
#332 = VERTEX_POINT('',#333);
#333 = CARTESIAN_POINT('',(30.5,44.3,8.5));
#334 = LINE('',#335,#336);
#335 = CARTESIAN_POINT('',(30.5,22.3,8.5));
#336 = VECTOR('',#337,1.);
#337 = DIRECTION('',(0.,1.,0.));
#338 = ORIENTED_EDGE('',*,*,#339,.T.);
#339 = EDGE_CURVE('',#332,#340,#342,.T.);
#340 = VERTEX_POINT('',#341);
#341 = CARTESIAN_POINT('',(30.5,44.3,17.5));
#342 = LINE('',#343,#344);
#343 = CARTESIAN_POINT('',(30.5,44.3,8.5));
#344 = VECTOR('',#345,1.);
#345 = DIRECTION('',(0.,0.,1.));
#346 = ORIENTED_EDGE('',*,*,#347,.F.);
#347 = EDGE_CURVE('',#324,#340,#348,.T.);
#348 = LINE('',#349,#350);
#349 = CARTESIAN_POINT('',(30.5,22.3,17.5));
#350 = VECTOR('',#351,1.);
#351 = DIRECTION('',(0.,1.,0.));
#352 = PLANE('',#353);
#353 = AXIS2_PLACEMENT_3D('',#354,#355,#356);
#354 = CARTESIAN_POINT('',(30.5,22.3,8.5));
#355 = DIRECTION('',(1.,0.,0.));
#356 = DIRECTION('',(0.,0.,1.));
#357 = ADVANCED_FACE('',(#358),#392,.T.);
#358 = FACE_BOUND('',#359,.T.);
#359 = EDGE_LOOP('',(#360,#370,#378,#386));
#360 = ORIENTED_EDGE('',*,*,#361,.F.);
#361 = EDGE_CURVE('',#362,#364,#366,.T.);
#362 = VERTEX_POINT('',#363);
#363 = CARTESIAN_POINT('',(52.5,22.3,8.5));
#364 = VERTEX_POINT('',#365);
#365 = CARTESIAN_POINT('',(52.5,22.3,17.5));
#366 = LINE('',#367,#368);
#367 = CARTESIAN_POINT('',(52.5,22.3,8.5));
#368 = VECTOR('',#369,1.);
#369 = DIRECTION('',(0.,0.,1.));
#370 = ORIENTED_EDGE('',*,*,#371,.T.);
#371 = EDGE_CURVE('',#362,#372,#374,.T.);
#372 = VERTEX_POINT('',#373);
#373 = CARTESIAN_POINT('',(52.5,44.3,8.5));
#374 = LINE('',#375,#376);
#375 = CARTESIAN_POINT('',(52.5,22.3,8.5));
#376 = VECTOR('',#377,1.);
#377 = DIRECTION('',(0.,1.,0.));
#378 = ORIENTED_EDGE('',*,*,#379,.T.);
#379 = EDGE_CURVE('',#372,#380,#382,.T.);
#380 = VERTEX_POINT('',#381);
#381 = CARTESIAN_POINT('',(52.5,44.3,17.5));
#382 = LINE('',#383,#384);
#383 = CARTESIAN_POINT('',(52.5,44.3,8.5));
#384 = VECTOR('',#385,1.);
#385 = DIRECTION('',(0.,0.,1.));
#386 = ORIENTED_EDGE('',*,*,#387,.F.);
#387 = EDGE_CURVE('',#364,#380,#388,.T.);
#388 = LINE('',#389,#390);
#389 = CARTESIAN_POINT('',(52.5,22.3,17.5));
#390 = VECTOR('',#391,1.);
#391 = DIRECTION('',(0.,1.,0.));
#392 = PLANE('',#393);
#393 = AXIS2_PLACEMENT_3D('',#394,#395,#396);
#394 = CARTESIAN_POINT('',(52.5,22.3,8.5));
#395 = DIRECTION('',(1.,0.,0.));
#396 = DIRECTION('',(0.,0.,1.));
#397 = ADVANCED_FACE('',(#398),#414,.F.);
#398 = FACE_BOUND('',#399,.F.);
#399 = EDGE_LOOP('',(#400,#406,#407,#413));
#400 = ORIENTED_EDGE('',*,*,#401,.F.);
#401 = EDGE_CURVE('',#322,#362,#402,.T.);
#402 = LINE('',#403,#404);
#403 = CARTESIAN_POINT('',(30.5,22.3,8.5));
#404 = VECTOR('',#405,1.);
#405 = DIRECTION('',(1.,0.,0.));
#406 = ORIENTED_EDGE('',*,*,#321,.T.);
#407 = ORIENTED_EDGE('',*,*,#408,.T.);
#408 = EDGE_CURVE('',#324,#364,#409,.T.);
#409 = LINE('',#410,#411);
#410 = CARTESIAN_POINT('',(30.5,22.3,17.5));
#411 = VECTOR('',#412,1.);
#412 = DIRECTION('',(1.,0.,0.));
#413 = ORIENTED_EDGE('',*,*,#361,.F.);
#414 = PLANE('',#415);
#415 = AXIS2_PLACEMENT_3D('',#416,#417,#418);
#416 = CARTESIAN_POINT('',(30.5,22.3,8.5));
#417 = DIRECTION('',(0.,1.,0.));
#418 = DIRECTION('',(0.,0.,1.));
#419 = ADVANCED_FACE('',(#420),#436,.T.);
#420 = FACE_BOUND('',#421,.T.);
#421 = EDGE_LOOP('',(#422,#428,#429,#435));
#422 = ORIENTED_EDGE('',*,*,#423,.F.);
#423 = EDGE_CURVE('',#332,#372,#424,.T.);
#424 = LINE('',#425,#426);
#425 = CARTESIAN_POINT('',(30.5,44.3,8.5));
#426 = VECTOR('',#427,1.);
#427 = DIRECTION('',(1.,0.,0.));
#428 = ORIENTED_EDGE('',*,*,#339,.T.);
#429 = ORIENTED_EDGE('',*,*,#430,.T.);
#430 = EDGE_CURVE('',#340,#380,#431,.T.);
#431 = LINE('',#432,#433);
#432 = CARTESIAN_POINT('',(30.5,44.3,17.5));
#433 = VECTOR('',#434,1.);
#434 = DIRECTION('',(1.,0.,0.));
#435 = ORIENTED_EDGE('',*,*,#379,.F.);
#436 = PLANE('',#437);
#437 = AXIS2_PLACEMENT_3D('',#438,#439,#440);
#438 = CARTESIAN_POINT('',(30.5,44.3,8.5));
#439 = DIRECTION('',(0.,1.,0.));
#440 = DIRECTION('',(0.,0.,1.));
#441 = ADVANCED_FACE('',(#442),#448,.F.);
#442 = FACE_BOUND('',#443,.F.);
#443 = EDGE_LOOP('',(#444,#445,#446,#447));
#444 = ORIENTED_EDGE('',*,*,#331,.F.);
#445 = ORIENTED_EDGE('',*,*,#401,.T.);
#446 = ORIENTED_EDGE('',*,*,#371,.T.);
#447 = ORIENTED_EDGE('',*,*,#423,.F.);
#448 = PLANE('',#449);
#449 = AXIS2_PLACEMENT_3D('',#450,#451,#452);
#450 = CARTESIAN_POINT('',(30.5,22.3,8.5));
#451 = DIRECTION('',(0.,0.,1.));
#452 = DIRECTION('',(1.,0.,0.));
#453 = ADVANCED_FACE('',(#454),#460,.T.);
#454 = FACE_BOUND('',#455,.T.);
#455 = EDGE_LOOP('',(#456,#457,#458,#459));
#456 = ORIENTED_EDGE('',*,*,#347,.F.);
#457 = ORIENTED_EDGE('',*,*,#408,.T.);
#458 = ORIENTED_EDGE('',*,*,#387,.T.);
#459 = ORIENTED_EDGE('',*,*,#430,.F.);
#460 = PLANE('',#461);
#461 = AXIS2_PLACEMENT_3D('',#462,#463,#464);
#462 = CARTESIAN_POINT('',(30.5,22.3,17.5));
#463 = DIRECTION('',(0.,0.,1.));
#464 = DIRECTION('',(1.,0.,0.));
#465 = MANIFOLD_SOLID_BREP('',#466);
#466 = CLOSED_SHELL('',(#467,#507,#547,#569,#591,#603));
#467 = ADVANCED_FACE('',(#468),#502,.F.);
#468 = FACE_BOUND('',#469,.F.);
#469 = EDGE_LOOP('',(#470,#480,#488,#496));
#470 = ORIENTED_EDGE('',*,*,#471,.F.);
#471 = EDGE_CURVE('',#472,#474,#476,.T.);
#472 = VERTEX_POINT('',#473);
#473 = CARTESIAN_POINT('',(59.5,26.,26.));
#474 = VERTEX_POINT('',#475);
#475 = CARTESIAN_POINT('',(59.5,26.,30.));
#476 = LINE('',#477,#478);
#477 = CARTESIAN_POINT('',(59.5,26.,26.));
#478 = VECTOR('',#479,1.);
#479 = DIRECTION('',(0.,0.,1.));
#480 = ORIENTED_EDGE('',*,*,#481,.T.);
#481 = EDGE_CURVE('',#472,#482,#484,.T.);
#482 = VERTEX_POINT('',#483);
#483 = CARTESIAN_POINT('',(59.5,44.,26.));
#484 = LINE('',#485,#486);
#485 = CARTESIAN_POINT('',(59.5,26.,26.));
#486 = VECTOR('',#487,1.);
#487 = DIRECTION('',(0.,1.,0.));
#488 = ORIENTED_EDGE('',*,*,#489,.T.);
#489 = EDGE_CURVE('',#482,#490,#492,.T.);
#490 = VERTEX_POINT('',#491);
#491 = CARTESIAN_POINT('',(59.5,44.,30.));
#492 = LINE('',#493,#494);
#493 = CARTESIAN_POINT('',(59.5,44.,26.));
#494 = VECTOR('',#495,1.);
#495 = DIRECTION('',(0.,0.,1.));
#496 = ORIENTED_EDGE('',*,*,#497,.F.);
#497 = EDGE_CURVE('',#474,#490,#498,.T.);
#498 = LINE('',#499,#500);
#499 = CARTESIAN_POINT('',(59.5,26.,30.));
#500 = VECTOR('',#501,1.);
#501 = DIRECTION('',(0.,1.,0.));
#502 = PLANE('',#503);
#503 = AXIS2_PLACEMENT_3D('',#504,#505,#506);
#504 = CARTESIAN_POINT('',(59.5,26.,26.));
#505 = DIRECTION('',(1.,0.,0.));
#506 = DIRECTION('',(0.,0.,1.));
#507 = ADVANCED_FACE('',(#508),#542,.T.);
#508 = FACE_BOUND('',#509,.T.);
#509 = EDGE_LOOP('',(#510,#520,#528,#536));
#510 = ORIENTED_EDGE('',*,*,#511,.F.);
#511 = EDGE_CURVE('',#512,#514,#516,.T.);
#512 = VERTEX_POINT('',#513);
#513 = CARTESIAN_POINT('',(82.,26.,26.));
#514 = VERTEX_POINT('',#515);
#515 = CARTESIAN_POINT('',(82.,26.,30.));
#516 = LINE('',#517,#518);
#517 = CARTESIAN_POINT('',(82.,26.,26.));
#518 = VECTOR('',#519,1.);
#519 = DIRECTION('',(0.,0.,1.));
#520 = ORIENTED_EDGE('',*,*,#521,.T.);
#521 = EDGE_CURVE('',#512,#522,#524,.T.);
#522 = VERTEX_POINT('',#523);
#523 = CARTESIAN_POINT('',(82.,44.,26.));
#524 = LINE('',#525,#526);
#525 = CARTESIAN_POINT('',(82.,26.,26.));
#526 = VECTOR('',#527,1.);
#527 = DIRECTION('',(0.,1.,0.));
#528 = ORIENTED_EDGE('',*,*,#529,.T.);
#529 = EDGE_CURVE('',#522,#530,#532,.T.);
#530 = VERTEX_POINT('',#531);
#531 = CARTESIAN_POINT('',(82.,44.,30.));
#532 = LINE('',#533,#534);
#533 = CARTESIAN_POINT('',(82.,44.,26.));
#534 = VECTOR('',#535,1.);
#535 = DIRECTION('',(0.,0.,1.));
#536 = ORIENTED_EDGE('',*,*,#537,.F.);
#537 = EDGE_CURVE('',#514,#530,#538,.T.);
#538 = LINE('',#539,#540);
#539 = CARTESIAN_POINT('',(82.,26.,30.));
#540 = VECTOR('',#541,1.);
#541 = DIRECTION('',(0.,1.,0.));
#542 = PLANE('',#543);
#543 = AXIS2_PLACEMENT_3D('',#544,#545,#546);
#544 = CARTESIAN_POINT('',(82.,26.,26.));
#545 = DIRECTION('',(1.,0.,0.));
#546 = DIRECTION('',(0.,0.,1.));
#547 = ADVANCED_FACE('',(#548),#564,.F.);
#548 = FACE_BOUND('',#549,.F.);
#549 = EDGE_LOOP('',(#550,#556,#557,#563));
#550 = ORIENTED_EDGE('',*,*,#551,.F.);
#551 = EDGE_CURVE('',#472,#512,#552,.T.);
#552 = LINE('',#553,#554);
#553 = CARTESIAN_POINT('',(59.5,26.,26.));
#554 = VECTOR('',#555,1.);
#555 = DIRECTION('',(1.,0.,0.));
#556 = ORIENTED_EDGE('',*,*,#471,.T.);
#557 = ORIENTED_EDGE('',*,*,#558,.T.);
#558 = EDGE_CURVE('',#474,#514,#559,.T.);
#559 = LINE('',#560,#561);
#560 = CARTESIAN_POINT('',(59.5,26.,30.));
#561 = VECTOR('',#562,1.);
#562 = DIRECTION('',(1.,0.,0.));
#563 = ORIENTED_EDGE('',*,*,#511,.F.);
#564 = PLANE('',#565);
#565 = AXIS2_PLACEMENT_3D('',#566,#567,#568);
#566 = CARTESIAN_POINT('',(59.5,26.,26.));
#567 = DIRECTION('',(0.,1.,0.));
#568 = DIRECTION('',(0.,0.,1.));
#569 = ADVANCED_FACE('',(#570),#586,.T.);
#570 = FACE_BOUND('',#571,.T.);
#571 = EDGE_LOOP('',(#572,#578,#579,#585));
#572 = ORIENTED_EDGE('',*,*,#573,.F.);
#573 = EDGE_CURVE('',#482,#522,#574,.T.);
#574 = LINE('',#575,#576);
#575 = CARTESIAN_POINT('',(59.5,44.,26.));
#576 = VECTOR('',#577,1.);
#577 = DIRECTION('',(1.,0.,0.));
#578 = ORIENTED_EDGE('',*,*,#489,.T.);
#579 = ORIENTED_EDGE('',*,*,#580,.T.);
#580 = EDGE_CURVE('',#490,#530,#581,.T.);
#581 = LINE('',#582,#583);
#582 = CARTESIAN_POINT('',(59.5,44.,30.));
#583 = VECTOR('',#584,1.);
#584 = DIRECTION('',(1.,0.,0.));
#585 = ORIENTED_EDGE('',*,*,#529,.F.);
#586 = PLANE('',#587);
#587 = AXIS2_PLACEMENT_3D('',#588,#589,#590);
#588 = CARTESIAN_POINT('',(59.5,44.,26.));
#589 = DIRECTION('',(0.,1.,0.));
#590 = DIRECTION('',(0.,0.,1.));
#591 = ADVANCED_FACE('',(#592),#598,.F.);
#592 = FACE_BOUND('',#593,.F.);
#593 = EDGE_LOOP('',(#594,#595,#596,#597));
#594 = ORIENTED_EDGE('',*,*,#481,.F.);
#595 = ORIENTED_EDGE('',*,*,#551,.T.);
#596 = ORIENTED_EDGE('',*,*,#521,.T.);
#597 = ORIENTED_EDGE('',*,*,#573,.F.);
#598 = PLANE('',#599);
#599 = AXIS2_PLACEMENT_3D('',#600,#601,#602);
#600 = CARTESIAN_POINT('',(59.5,26.,26.));
#601 = DIRECTION('',(0.,0.,1.));
#602 = DIRECTION('',(1.,0.,0.));
#603 = ADVANCED_FACE('',(#604),#610,.T.);
#604 = FACE_BOUND('',#605,.T.);
#605 = EDGE_LOOP('',(#606,#607,#608,#609));
#606 = ORIENTED_EDGE('',*,*,#497,.F.);
#607 = ORIENTED_EDGE('',*,*,#558,.T.);
#608 = ORIENTED_EDGE('',*,*,#537,.T.);
#609 = ORIENTED_EDGE('',*,*,#580,.F.);
#610 = PLANE('',#611);
#611 = AXIS2_PLACEMENT_3D('',#612,#613,#614);
#612 = CARTESIAN_POINT('',(59.5,26.,30.));
#613 = DIRECTION('',(0.,0.,1.));
#614 = DIRECTION('',(1.,0.,0.));
#615 = MANIFOLD_SOLID_BREP('',#616);
#616 = CLOSED_SHELL('',(#617,#657,#697,#719,#741,#753));
#617 = ADVANCED_FACE('',(#618),#652,.F.);
#618 = FACE_BOUND('',#619,.F.);
#619 = EDGE_LOOP('',(#620,#630,#638,#646));
#620 = ORIENTED_EDGE('',*,*,#621,.F.);
#621 = EDGE_CURVE('',#622,#624,#626,.T.);
#622 = VERTEX_POINT('',#623);
#623 = CARTESIAN_POINT('',(20.,24.,24.));
#624 = VERTEX_POINT('',#625);
#625 = CARTESIAN_POINT('',(20.,24.,31.));
#626 = LINE('',#627,#628);
#627 = CARTESIAN_POINT('',(20.,24.,24.));
#628 = VECTOR('',#629,1.);
#629 = DIRECTION('',(0.,0.,1.));
#630 = ORIENTED_EDGE('',*,*,#631,.T.);
#631 = EDGE_CURVE('',#622,#632,#634,.T.);
#632 = VERTEX_POINT('',#633);
#633 = CARTESIAN_POINT('',(20.,40.5,24.));
#634 = LINE('',#635,#636);
#635 = CARTESIAN_POINT('',(20.,24.,24.));
#636 = VECTOR('',#637,1.);
#637 = DIRECTION('',(0.,1.,0.));
#638 = ORIENTED_EDGE('',*,*,#639,.T.);
#639 = EDGE_CURVE('',#632,#640,#642,.T.);
#640 = VERTEX_POINT('',#641);
#641 = CARTESIAN_POINT('',(20.,40.5,31.));
#642 = LINE('',#643,#644);
#643 = CARTESIAN_POINT('',(20.,40.5,24.));
#644 = VECTOR('',#645,1.);
#645 = DIRECTION('',(0.,0.,1.));
#646 = ORIENTED_EDGE('',*,*,#647,.F.);
#647 = EDGE_CURVE('',#624,#640,#648,.T.);
#648 = LINE('',#649,#650);
#649 = CARTESIAN_POINT('',(20.,24.,31.));
#650 = VECTOR('',#651,1.);
#651 = DIRECTION('',(0.,1.,0.));
#652 = PLANE('',#653);
#653 = AXIS2_PLACEMENT_3D('',#654,#655,#656);
#654 = CARTESIAN_POINT('',(20.,24.,24.));
#655 = DIRECTION('',(1.,0.,0.));
#656 = DIRECTION('',(0.,0.,1.));
#657 = ADVANCED_FACE('',(#658),#692,.T.);
#658 = FACE_BOUND('',#659,.T.);
#659 = EDGE_LOOP('',(#660,#670,#678,#686));
#660 = ORIENTED_EDGE('',*,*,#661,.F.);
#661 = EDGE_CURVE('',#662,#664,#666,.T.);
#662 = VERTEX_POINT('',#663);
#663 = CARTESIAN_POINT('',(43.,24.,24.));
#664 = VERTEX_POINT('',#665);
#665 = CARTESIAN_POINT('',(43.,24.,31.));
#666 = LINE('',#667,#668);
#667 = CARTESIAN_POINT('',(43.,24.,24.));
#668 = VECTOR('',#669,1.);
#669 = DIRECTION('',(0.,0.,1.));
#670 = ORIENTED_EDGE('',*,*,#671,.T.);
#671 = EDGE_CURVE('',#662,#672,#674,.T.);
#672 = VERTEX_POINT('',#673);
#673 = CARTESIAN_POINT('',(43.,40.5,24.));
#674 = LINE('',#675,#676);
#675 = CARTESIAN_POINT('',(43.,24.,24.));
#676 = VECTOR('',#677,1.);
#677 = DIRECTION('',(0.,1.,0.));
#678 = ORIENTED_EDGE('',*,*,#679,.T.);
#679 = EDGE_CURVE('',#672,#680,#682,.T.);
#680 = VERTEX_POINT('',#681);
#681 = CARTESIAN_POINT('',(43.,40.5,31.));
#682 = LINE('',#683,#684);
#683 = CARTESIAN_POINT('',(43.,40.5,24.));
#684 = VECTOR('',#685,1.);
#685 = DIRECTION('',(0.,0.,1.));
#686 = ORIENTED_EDGE('',*,*,#687,.F.);
#687 = EDGE_CURVE('',#664,#680,#688,.T.);
#688 = LINE('',#689,#690);
#689 = CARTESIAN_POINT('',(43.,24.,31.));
#690 = VECTOR('',#691,1.);
#691 = DIRECTION('',(0.,1.,0.));
#692 = PLANE('',#693);
#693 = AXIS2_PLACEMENT_3D('',#694,#695,#696);
#694 = CARTESIAN_POINT('',(43.,24.,24.));
#695 = DIRECTION('',(1.,0.,0.));
#696 = DIRECTION('',(0.,0.,1.));
#697 = ADVANCED_FACE('',(#698),#714,.F.);
#698 = FACE_BOUND('',#699,.F.);
#699 = EDGE_LOOP('',(#700,#706,#707,#713));
#700 = ORIENTED_EDGE('',*,*,#701,.F.);
#701 = EDGE_CURVE('',#622,#662,#702,.T.);
#702 = LINE('',#703,#704);
#703 = CARTESIAN_POINT('',(20.,24.,24.));
#704 = VECTOR('',#705,1.);
#705 = DIRECTION('',(1.,0.,0.));
#706 = ORIENTED_EDGE('',*,*,#621,.T.);
#707 = ORIENTED_EDGE('',*,*,#708,.T.);
#708 = EDGE_CURVE('',#624,#664,#709,.T.);
#709 = LINE('',#710,#711);
#710 = CARTESIAN_POINT('',(20.,24.,31.));
#711 = VECTOR('',#712,1.);
#712 = DIRECTION('',(1.,0.,0.));
#713 = ORIENTED_EDGE('',*,*,#661,.F.);
#714 = PLANE('',#715);
#715 = AXIS2_PLACEMENT_3D('',#716,#717,#718);
#716 = CARTESIAN_POINT('',(20.,24.,24.));
#717 = DIRECTION('',(0.,1.,0.));
#718 = DIRECTION('',(0.,0.,1.));
#719 = ADVANCED_FACE('',(#720),#736,.T.);
#720 = FACE_BOUND('',#721,.T.);
#721 = EDGE_LOOP('',(#722,#728,#729,#735));
#722 = ORIENTED_EDGE('',*,*,#723,.F.);
#723 = EDGE_CURVE('',#632,#672,#724,.T.);
#724 = LINE('',#725,#726);
#725 = CARTESIAN_POINT('',(20.,40.5,24.));
#726 = VECTOR('',#727,1.);
#727 = DIRECTION('',(1.,0.,0.));
#728 = ORIENTED_EDGE('',*,*,#639,.T.);
#729 = ORIENTED_EDGE('',*,*,#730,.T.);
#730 = EDGE_CURVE('',#640,#680,#731,.T.);
#731 = LINE('',#732,#733);
#732 = CARTESIAN_POINT('',(20.,40.5,31.));
#733 = VECTOR('',#734,1.);
#734 = DIRECTION('',(1.,0.,0.));
#735 = ORIENTED_EDGE('',*,*,#679,.F.);
#736 = PLANE('',#737);
#737 = AXIS2_PLACEMENT_3D('',#738,#739,#740);
#738 = CARTESIAN_POINT('',(20.,40.5,24.));
#739 = DIRECTION('',(0.,1.,0.));
#740 = DIRECTION('',(0.,0.,1.));
#741 = ADVANCED_FACE('',(#742),#748,.F.);
#742 = FACE_BOUND('',#743,.F.);
#743 = EDGE_LOOP('',(#744,#745,#746,#747));
#744 = ORIENTED_EDGE('',*,*,#631,.F.);
#745 = ORIENTED_EDGE('',*,*,#701,.T.);
#746 = ORIENTED_EDGE('',*,*,#671,.T.);
#747 = ORIENTED_EDGE('',*,*,#723,.F.);
#748 = PLANE('',#749);
#749 = AXIS2_PLACEMENT_3D('',#750,#751,#752);
#750 = CARTESIAN_POINT('',(20.,24.,24.));
#751 = DIRECTION('',(0.,0.,1.));
#752 = DIRECTION('',(1.,0.,0.));
#753 = ADVANCED_FACE('',(#754),#760,.T.);
#754 = FACE_BOUND('',#755,.T.);
#755 = EDGE_LOOP('',(#756,#757,#758,#759));
#756 = ORIENTED_EDGE('',*,*,#647,.F.);
#757 = ORIENTED_EDGE('',*,*,#708,.T.);
#758 = ORIENTED_EDGE('',*,*,#687,.T.);
#759 = ORIENTED_EDGE('',*,*,#730,.F.);
#760 = PLANE('',#761);
#761 = AXIS2_PLACEMENT_3D('',#762,#763,#764);
#762 = CARTESIAN_POINT('',(20.,24.,31.));
#763 = DIRECTION('',(0.,0.,1.));
#764 = DIRECTION('',(1.,0.,0.));
#765 = MANIFOLD_SOLID_BREP('',#766);
#766 = CLOSED_SHELL('',(#767,#807,#847,#869,#891,#903));
#767 = ADVANCED_FACE('',(#768),#802,.F.);
#768 = FACE_BOUND('',#769,.F.);
#769 = EDGE_LOOP('',(#770,#780,#788,#796));
#770 = ORIENTED_EDGE('',*,*,#771,.F.);
#771 = EDGE_CURVE('',#772,#774,#776,.T.);
#772 = VERTEX_POINT('',#773);
#773 = CARTESIAN_POINT('',(11.,6.,8.));
#774 = VERTEX_POINT('',#775);
#775 = CARTESIAN_POINT('',(11.,6.,13.));
#776 = LINE('',#777,#778);
#777 = CARTESIAN_POINT('',(11.,6.,8.));
#778 = VECTOR('',#779,1.);
#779 = DIRECTION('',(0.,0.,1.));
#780 = ORIENTED_EDGE('',*,*,#781,.T.);
#781 = EDGE_CURVE('',#772,#782,#784,.T.);
#782 = VERTEX_POINT('',#783);
#783 = CARTESIAN_POINT('',(11.,36.,8.));
#784 = LINE('',#785,#786);
#785 = CARTESIAN_POINT('',(11.,6.,8.));
#786 = VECTOR('',#787,1.);
#787 = DIRECTION('',(0.,1.,0.));
#788 = ORIENTED_EDGE('',*,*,#789,.T.);
#789 = EDGE_CURVE('',#782,#790,#792,.T.);
#790 = VERTEX_POINT('',#791);
#791 = CARTESIAN_POINT('',(11.,36.,13.));
#792 = LINE('',#793,#794);
#793 = CARTESIAN_POINT('',(11.,36.,8.));
#794 = VECTOR('',#795,1.);
#795 = DIRECTION('',(0.,0.,1.));
#796 = ORIENTED_EDGE('',*,*,#797,.F.);
#797 = EDGE_CURVE('',#774,#790,#798,.T.);
#798 = LINE('',#799,#800);
#799 = CARTESIAN_POINT('',(11.,6.,13.));
#800 = VECTOR('',#801,1.);
#801 = DIRECTION('',(0.,1.,0.));
#802 = PLANE('',#803);
#803 = AXIS2_PLACEMENT_3D('',#804,#805,#806);
#804 = CARTESIAN_POINT('',(11.,6.,8.));
#805 = DIRECTION('',(1.,0.,0.));
#806 = DIRECTION('',(0.,0.,1.));
#807 = ADVANCED_FACE('',(#808),#842,.T.);
#808 = FACE_BOUND('',#809,.T.);
#809 = EDGE_LOOP('',(#810,#820,#828,#836));
#810 = ORIENTED_EDGE('',*,*,#811,.F.);
#811 = EDGE_CURVE('',#812,#814,#816,.T.);
#812 = VERTEX_POINT('',#813);
#813 = CARTESIAN_POINT('',(27.,6.,8.));
#814 = VERTEX_POINT('',#815);
#815 = CARTESIAN_POINT('',(27.,6.,13.));
#816 = LINE('',#817,#818);
#817 = CARTESIAN_POINT('',(27.,6.,8.));
#818 = VECTOR('',#819,1.);
#819 = DIRECTION('',(0.,0.,1.));
#820 = ORIENTED_EDGE('',*,*,#821,.T.);
#821 = EDGE_CURVE('',#812,#822,#824,.T.);
#822 = VERTEX_POINT('',#823);
#823 = CARTESIAN_POINT('',(27.,36.,8.));
#824 = LINE('',#825,#826);
#825 = CARTESIAN_POINT('',(27.,6.,8.));
#826 = VECTOR('',#827,1.);
#827 = DIRECTION('',(0.,1.,0.));
#828 = ORIENTED_EDGE('',*,*,#829,.T.);
#829 = EDGE_CURVE('',#822,#830,#832,.T.);
#830 = VERTEX_POINT('',#831);
#831 = CARTESIAN_POINT('',(27.,36.,13.));
#832 = LINE('',#833,#834);
#833 = CARTESIAN_POINT('',(27.,36.,8.));
#834 = VECTOR('',#835,1.);
#835 = DIRECTION('',(0.,0.,1.));
#836 = ORIENTED_EDGE('',*,*,#837,.F.);
#837 = EDGE_CURVE('',#814,#830,#838,.T.);
#838 = LINE('',#839,#840);
#839 = CARTESIAN_POINT('',(27.,6.,13.));
#840 = VECTOR('',#841,1.);
#841 = DIRECTION('',(0.,1.,0.));
#842 = PLANE('',#843);
#843 = AXIS2_PLACEMENT_3D('',#844,#845,#846);
#844 = CARTESIAN_POINT('',(27.,6.,8.));
#845 = DIRECTION('',(1.,0.,0.));
#846 = DIRECTION('',(0.,0.,1.));
#847 = ADVANCED_FACE('',(#848),#864,.F.);
#848 = FACE_BOUND('',#849,.F.);
#849 = EDGE_LOOP('',(#850,#856,#857,#863));
#850 = ORIENTED_EDGE('',*,*,#851,.F.);
#851 = EDGE_CURVE('',#772,#812,#852,.T.);
#852 = LINE('',#853,#854);
#853 = CARTESIAN_POINT('',(11.,6.,8.));
#854 = VECTOR('',#855,1.);
#855 = DIRECTION('',(1.,0.,0.));
#856 = ORIENTED_EDGE('',*,*,#771,.T.);
#857 = ORIENTED_EDGE('',*,*,#858,.T.);
#858 = EDGE_CURVE('',#774,#814,#859,.T.);
#859 = LINE('',#860,#861);
#860 = CARTESIAN_POINT('',(11.,6.,13.));
#861 = VECTOR('',#862,1.);
#862 = DIRECTION('',(1.,0.,0.));
#863 = ORIENTED_EDGE('',*,*,#811,.F.);
#864 = PLANE('',#865);
#865 = AXIS2_PLACEMENT_3D('',#866,#867,#868);
#866 = CARTESIAN_POINT('',(11.,6.,8.));
#867 = DIRECTION('',(0.,1.,0.));
#868 = DIRECTION('',(0.,0.,1.));
#869 = ADVANCED_FACE('',(#870),#886,.T.);
#870 = FACE_BOUND('',#871,.T.);
#871 = EDGE_LOOP('',(#872,#878,#879,#885));
#872 = ORIENTED_EDGE('',*,*,#873,.F.);
#873 = EDGE_CURVE('',#782,#822,#874,.T.);
#874 = LINE('',#875,#876);
#875 = CARTESIAN_POINT('',(11.,36.,8.));
#876 = VECTOR('',#877,1.);
#877 = DIRECTION('',(1.,0.,0.));
#878 = ORIENTED_EDGE('',*,*,#789,.T.);
#879 = ORIENTED_EDGE('',*,*,#880,.T.);
#880 = EDGE_CURVE('',#790,#830,#881,.T.);
#881 = LINE('',#882,#883);
#882 = CARTESIAN_POINT('',(11.,36.,13.));
#883 = VECTOR('',#884,1.);
#884 = DIRECTION('',(1.,0.,0.));
#885 = ORIENTED_EDGE('',*,*,#829,.F.);
#886 = PLANE('',#887);
#887 = AXIS2_PLACEMENT_3D('',#888,#889,#890);
#888 = CARTESIAN_POINT('',(11.,36.,8.));
#889 = DIRECTION('',(0.,1.,0.));
#890 = DIRECTION('',(0.,0.,1.));
#891 = ADVANCED_FACE('',(#892),#898,.F.);
#892 = FACE_BOUND('',#893,.F.);
#893 = EDGE_LOOP('',(#894,#895,#896,#897));
#894 = ORIENTED_EDGE('',*,*,#781,.F.);
#895 = ORIENTED_EDGE('',*,*,#851,.T.);
#896 = ORIENTED_EDGE('',*,*,#821,.T.);
#897 = ORIENTED_EDGE('',*,*,#873,.F.);
#898 = PLANE('',#899);
#899 = AXIS2_PLACEMENT_3D('',#900,#901,#902);
#900 = CARTESIAN_POINT('',(11.,6.,8.));
#901 = DIRECTION('',(0.,0.,1.));
#902 = DIRECTION('',(1.,0.,0.));
#903 = ADVANCED_FACE('',(#904),#910,.T.);
#904 = FACE_BOUND('',#905,.T.);
#905 = EDGE_LOOP('',(#906,#907,#908,#909));
#906 = ORIENTED_EDGE('',*,*,#797,.F.);
#907 = ORIENTED_EDGE('',*,*,#858,.T.);
#908 = ORIENTED_EDGE('',*,*,#837,.T.);
#909 = ORIENTED_EDGE('',*,*,#880,.F.);
#910 = PLANE('',#911);
#911 = AXIS2_PLACEMENT_3D('',#912,#913,#914);
#912 = CARTESIAN_POINT('',(11.,6.,13.));
#913 = DIRECTION('',(0.,0.,1.));
#914 = DIRECTION('',(1.,0.,0.));
#915 = MANIFOLD_SOLID_BREP('',#916);
#916 = CLOSED_SHELL('',(#917,#957,#997,#1019,#1041,#1053));
#917 = ADVANCED_FACE('',(#918),#952,.F.);
#918 = FACE_BOUND('',#919,.F.);
#919 = EDGE_LOOP('',(#920,#930,#938,#946));
#920 = ORIENTED_EDGE('',*,*,#921,.F.);
#921 = EDGE_CURVE('',#922,#924,#926,.T.);
#922 = VERTEX_POINT('',#923);
#923 = CARTESIAN_POINT('',(25.,36.,20.));
#924 = VERTEX_POINT('',#925);
#925 = CARTESIAN_POINT('',(25.,36.,23.));
#926 = LINE('',#927,#928);
#927 = CARTESIAN_POINT('',(25.,36.,20.));
#928 = VECTOR('',#929,1.);
#929 = DIRECTION('',(0.,0.,1.));
#930 = ORIENTED_EDGE('',*,*,#931,.T.);
#931 = EDGE_CURVE('',#922,#932,#934,.T.);
#932 = VERTEX_POINT('',#933);
#933 = CARTESIAN_POINT('',(25.,44.,20.));
#934 = LINE('',#935,#936);
#935 = CARTESIAN_POINT('',(25.,36.,20.));
#936 = VECTOR('',#937,1.);
#937 = DIRECTION('',(0.,1.,0.));
#938 = ORIENTED_EDGE('',*,*,#939,.T.);
#939 = EDGE_CURVE('',#932,#940,#942,.T.);
#940 = VERTEX_POINT('',#941);
#941 = CARTESIAN_POINT('',(25.,44.,23.));
#942 = LINE('',#943,#944);
#943 = CARTESIAN_POINT('',(25.,44.,20.));
#944 = VECTOR('',#945,1.);
#945 = DIRECTION('',(0.,0.,1.));
#946 = ORIENTED_EDGE('',*,*,#947,.F.);
#947 = EDGE_CURVE('',#924,#940,#948,.T.);
#948 = LINE('',#949,#950);
#949 = CARTESIAN_POINT('',(25.,36.,23.));
#950 = VECTOR('',#951,1.);
#951 = DIRECTION('',(0.,1.,0.));
#952 = PLANE('',#953);
#953 = AXIS2_PLACEMENT_3D('',#954,#955,#956);
#954 = CARTESIAN_POINT('',(25.,36.,20.));
#955 = DIRECTION('',(1.,0.,0.));
#956 = DIRECTION('',(0.,0.,1.));
#957 = ADVANCED_FACE('',(#958),#992,.T.);
#958 = FACE_BOUND('',#959,.T.);
#959 = EDGE_LOOP('',(#960,#970,#978,#986));
#960 = ORIENTED_EDGE('',*,*,#961,.F.);
#961 = EDGE_CURVE('',#962,#964,#966,.T.);
#962 = VERTEX_POINT('',#963);
#963 = CARTESIAN_POINT('',(37.,36.,20.));
#964 = VERTEX_POINT('',#965);
#965 = CARTESIAN_POINT('',(37.,36.,23.));
#966 = LINE('',#967,#968);
#967 = CARTESIAN_POINT('',(37.,36.,20.));
#968 = VECTOR('',#969,1.);
#969 = DIRECTION('',(0.,0.,1.));
#970 = ORIENTED_EDGE('',*,*,#971,.T.);
#971 = EDGE_CURVE('',#962,#972,#974,.T.);
#972 = VERTEX_POINT('',#973);
#973 = CARTESIAN_POINT('',(37.,44.,20.));
#974 = LINE('',#975,#976);
#975 = CARTESIAN_POINT('',(37.,36.,20.));
#976 = VECTOR('',#977,1.);
#977 = DIRECTION('',(0.,1.,0.));
#978 = ORIENTED_EDGE('',*,*,#979,.T.);
#979 = EDGE_CURVE('',#972,#980,#982,.T.);
#980 = VERTEX_POINT('',#981);
#981 = CARTESIAN_POINT('',(37.,44.,23.));
#982 = LINE('',#983,#984);
#983 = CARTESIAN_POINT('',(37.,44.,20.));
#984 = VECTOR('',#985,1.);
#985 = DIRECTION('',(0.,0.,1.));
#986 = ORIENTED_EDGE('',*,*,#987,.F.);
#987 = EDGE_CURVE('',#964,#980,#988,.T.);
#988 = LINE('',#989,#990);
#989 = CARTESIAN_POINT('',(37.,36.,23.));
#990 = VECTOR('',#991,1.);
#991 = DIRECTION('',(0.,1.,0.));
#992 = PLANE('',#993);
#993 = AXIS2_PLACEMENT_3D('',#994,#995,#996);
#994 = CARTESIAN_POINT('',(37.,36.,20.));
#995 = DIRECTION('',(1.,0.,0.));
#996 = DIRECTION('',(0.,0.,1.));
#997 = ADVANCED_FACE('',(#998),#1014,.F.);
#998 = FACE_BOUND('',#999,.F.);
#999 = EDGE_LOOP('',(#1000,#1006,#1007,#1013));
#1000 = ORIENTED_EDGE('',*,*,#1001,.F.);
#1001 = EDGE_CURVE('',#922,#962,#1002,.T.);
#1002 = LINE('',#1003,#1004);
#1003 = CARTESIAN_POINT('',(25.,36.,20.));
#1004 = VECTOR('',#1005,1.);
#1005 = DIRECTION('',(1.,0.,0.));
#1006 = ORIENTED_EDGE('',*,*,#921,.T.);
#1007 = ORIENTED_EDGE('',*,*,#1008,.T.);
#1008 = EDGE_CURVE('',#924,#964,#1009,.T.);
#1009 = LINE('',#1010,#1011);
#1010 = CARTESIAN_POINT('',(25.,36.,23.));
#1011 = VECTOR('',#1012,1.);
#1012 = DIRECTION('',(1.,0.,0.));
#1013 = ORIENTED_EDGE('',*,*,#961,.F.);
#1014 = PLANE('',#1015);
#1015 = AXIS2_PLACEMENT_3D('',#1016,#1017,#1018);
#1016 = CARTESIAN_POINT('',(25.,36.,20.));
#1017 = DIRECTION('',(0.,1.,0.));
#1018 = DIRECTION('',(0.,0.,1.));
#1019 = ADVANCED_FACE('',(#1020),#1036,.T.);
#1020 = FACE_BOUND('',#1021,.T.);
#1021 = EDGE_LOOP('',(#1022,#1028,#1029,#1035));
#1022 = ORIENTED_EDGE('',*,*,#1023,.F.);
#1023 = EDGE_CURVE('',#932,#972,#1024,.T.);
#1024 = LINE('',#1025,#1026);
#1025 = CARTESIAN_POINT('',(25.,44.,20.));
#1026 = VECTOR('',#1027,1.);
#1027 = DIRECTION('',(1.,0.,0.));
#1028 = ORIENTED_EDGE('',*,*,#939,.T.);
#1029 = ORIENTED_EDGE('',*,*,#1030,.T.);
#1030 = EDGE_CURVE('',#940,#980,#1031,.T.);
#1031 = LINE('',#1032,#1033);
#1032 = CARTESIAN_POINT('',(25.,44.,23.));
#1033 = VECTOR('',#1034,1.);
#1034 = DIRECTION('',(1.,0.,0.));
#1035 = ORIENTED_EDGE('',*,*,#979,.F.);
#1036 = PLANE('',#1037);
#1037 = AXIS2_PLACEMENT_3D('',#1038,#1039,#1040);
#1038 = CARTESIAN_POINT('',(25.,44.,20.));
#1039 = DIRECTION('',(0.,1.,0.));
#1040 = DIRECTION('',(0.,0.,1.));
#1041 = ADVANCED_FACE('',(#1042),#1048,.F.);
#1042 = FACE_BOUND('',#1043,.F.);
#1043 = EDGE_LOOP('',(#1044,#1045,#1046,#1047));
#1044 = ORIENTED_EDGE('',*,*,#931,.F.);
#1045 = ORIENTED_EDGE('',*,*,#1001,.T.);
#1046 = ORIENTED_EDGE('',*,*,#971,.T.);
#1047 = ORIENTED_EDGE('',*,*,#1023,.F.);
#1048 = PLANE('',#1049);
#1049 = AXIS2_PLACEMENT_3D('',#1050,#1051,#1052);
#1050 = CARTESIAN_POINT('',(25.,36.,20.));
#1051 = DIRECTION('',(0.,0.,1.));
#1052 = DIRECTION('',(1.,0.,0.));
#1053 = ADVANCED_FACE('',(#1054),#1060,.T.);
#1054 = FACE_BOUND('',#1055,.T.);
#1055 = EDGE_LOOP('',(#1056,#1057,#1058,#1059));
#1056 = ORIENTED_EDGE('',*,*,#947,.F.);
#1057 = ORIENTED_EDGE('',*,*,#1008,.T.);
#1058 = ORIENTED_EDGE('',*,*,#987,.T.);
#1059 = ORIENTED_EDGE('',*,*,#1030,.F.);
#1060 = PLANE('',#1061);
#1061 = AXIS2_PLACEMENT_3D('',#1062,#1063,#1064);
#1062 = CARTESIAN_POINT('',(25.,36.,23.));
#1063 = DIRECTION('',(0.,0.,1.));
#1064 = DIRECTION('',(1.,0.,0.));
#1065 = MANIFOLD_SOLID_BREP('',#1066);
#1066 = CLOSED_SHELL('',(#1067,#1107,#1147,#1169,#1191,#1203));
#1067 = ADVANCED_FACE('',(#1068),#1102,.F.);
#1068 = FACE_BOUND('',#1069,.F.);
#1069 = EDGE_LOOP('',(#1070,#1080,#1088,#1096));
#1070 = ORIENTED_EDGE('',*,*,#1071,.F.);
#1071 = EDGE_CURVE('',#1072,#1074,#1076,.T.);
#1072 = VERTEX_POINT('',#1073);
#1073 = CARTESIAN_POINT('',(2.,38.,18.));
#1074 = VERTEX_POINT('',#1075);
#1075 = CARTESIAN_POINT('',(2.,38.,27.));
#1076 = LINE('',#1077,#1078);
#1077 = CARTESIAN_POINT('',(2.,38.,18.));
#1078 = VECTOR('',#1079,1.);
#1079 = DIRECTION('',(0.,0.,1.));
#1080 = ORIENTED_EDGE('',*,*,#1081,.T.);
#1081 = EDGE_CURVE('',#1072,#1082,#1084,.T.);
#1082 = VERTEX_POINT('',#1083);
#1083 = CARTESIAN_POINT('',(2.,45.,18.));
#1084 = LINE('',#1085,#1086);
#1085 = CARTESIAN_POINT('',(2.,38.,18.));
#1086 = VECTOR('',#1087,1.);
#1087 = DIRECTION('',(0.,1.,0.));
#1088 = ORIENTED_EDGE('',*,*,#1089,.T.);
#1089 = EDGE_CURVE('',#1082,#1090,#1092,.T.);
#1090 = VERTEX_POINT('',#1091);
#1091 = CARTESIAN_POINT('',(2.,45.,27.));
#1092 = LINE('',#1093,#1094);
#1093 = CARTESIAN_POINT('',(2.,45.,18.));
#1094 = VECTOR('',#1095,1.);
#1095 = DIRECTION('',(0.,0.,1.));
#1096 = ORIENTED_EDGE('',*,*,#1097,.F.);
#1097 = EDGE_CURVE('',#1074,#1090,#1098,.T.);
#1098 = LINE('',#1099,#1100);
#1099 = CARTESIAN_POINT('',(2.,38.,27.));
#1100 = VECTOR('',#1101,1.);
#1101 = DIRECTION('',(0.,1.,0.));
#1102 = PLANE('',#1103);
#1103 = AXIS2_PLACEMENT_3D('',#1104,#1105,#1106);
#1104 = CARTESIAN_POINT('',(2.,38.,18.));
#1105 = DIRECTION('',(1.,0.,0.));
#1106 = DIRECTION('',(0.,0.,1.));
#1107 = ADVANCED_FACE('',(#1108),#1142,.T.);
#1108 = FACE_BOUND('',#1109,.T.);
#1109 = EDGE_LOOP('',(#1110,#1120,#1128,#1136));
#1110 = ORIENTED_EDGE('',*,*,#1111,.F.);
#1111 = EDGE_CURVE('',#1112,#1114,#1116,.T.);
#1112 = VERTEX_POINT('',#1113);
#1113 = CARTESIAN_POINT('',(15.,38.,18.));
#1114 = VERTEX_POINT('',#1115);
#1115 = CARTESIAN_POINT('',(15.,38.,27.));
#1116 = LINE('',#1117,#1118);
#1117 = CARTESIAN_POINT('',(15.,38.,18.));
#1118 = VECTOR('',#1119,1.);
#1119 = DIRECTION('',(0.,0.,1.));
#1120 = ORIENTED_EDGE('',*,*,#1121,.T.);
#1121 = EDGE_CURVE('',#1112,#1122,#1124,.T.);
#1122 = VERTEX_POINT('',#1123);
#1123 = CARTESIAN_POINT('',(15.,45.,18.));
#1124 = LINE('',#1125,#1126);
#1125 = CARTESIAN_POINT('',(15.,38.,18.));
#1126 = VECTOR('',#1127,1.);
#1127 = DIRECTION('',(0.,1.,0.));
#1128 = ORIENTED_EDGE('',*,*,#1129,.T.);
#1129 = EDGE_CURVE('',#1122,#1130,#1132,.T.);
#1130 = VERTEX_POINT('',#1131);
#1131 = CARTESIAN_POINT('',(15.,45.,27.));
#1132 = LINE('',#1133,#1134);
#1133 = CARTESIAN_POINT('',(15.,45.,18.));
#1134 = VECTOR('',#1135,1.);
#1135 = DIRECTION('',(0.,0.,1.));
#1136 = ORIENTED_EDGE('',*,*,#1137,.F.);
#1137 = EDGE_CURVE('',#1114,#1130,#1138,.T.);
#1138 = LINE('',#1139,#1140);
#1139 = CARTESIAN_POINT('',(15.,38.,27.));
#1140 = VECTOR('',#1141,1.);
#1141 = DIRECTION('',(0.,1.,0.));
#1142 = PLANE('',#1143);
#1143 = AXIS2_PLACEMENT_3D('',#1144,#1145,#1146);
#1144 = CARTESIAN_POINT('',(15.,38.,18.));
#1145 = DIRECTION('',(1.,0.,0.));
#1146 = DIRECTION('',(0.,0.,1.));
#1147 = ADVANCED_FACE('',(#1148),#1164,.F.);
#1148 = FACE_BOUND('',#1149,.F.);
#1149 = EDGE_LOOP('',(#1150,#1156,#1157,#1163));
#1150 = ORIENTED_EDGE('',*,*,#1151,.F.);
#1151 = EDGE_CURVE('',#1072,#1112,#1152,.T.);
#1152 = LINE('',#1153,#1154);
#1153 = CARTESIAN_POINT('',(2.,38.,18.));
#1154 = VECTOR('',#1155,1.);
#1155 = DIRECTION('',(1.,0.,0.));
#1156 = ORIENTED_EDGE('',*,*,#1071,.T.);
#1157 = ORIENTED_EDGE('',*,*,#1158,.T.);
#1158 = EDGE_CURVE('',#1074,#1114,#1159,.T.);
#1159 = LINE('',#1160,#1161);
#1160 = CARTESIAN_POINT('',(2.,38.,27.));
#1161 = VECTOR('',#1162,1.);
#1162 = DIRECTION('',(1.,0.,0.));
#1163 = ORIENTED_EDGE('',*,*,#1111,.F.);
#1164 = PLANE('',#1165);
#1165 = AXIS2_PLACEMENT_3D('',#1166,#1167,#1168);
#1166 = CARTESIAN_POINT('',(2.,38.,18.));
#1167 = DIRECTION('',(0.,1.,0.));
#1168 = DIRECTION('',(0.,0.,1.));
#1169 = ADVANCED_FACE('',(#1170),#1186,.T.);
#1170 = FACE_BOUND('',#1171,.T.);
#1171 = EDGE_LOOP('',(#1172,#1178,#1179,#1185));
#1172 = ORIENTED_EDGE('',*,*,#1173,.F.);
#1173 = EDGE_CURVE('',#1082,#1122,#1174,.T.);
#1174 = LINE('',#1175,#1176);
#1175 = CARTESIAN_POINT('',(2.,45.,18.));
#1176 = VECTOR('',#1177,1.);
#1177 = DIRECTION('',(1.,0.,0.));
#1178 = ORIENTED_EDGE('',*,*,#1089,.T.);
#1179 = ORIENTED_EDGE('',*,*,#1180,.T.);
#1180 = EDGE_CURVE('',#1090,#1130,#1181,.T.);
#1181 = LINE('',#1182,#1183);
#1182 = CARTESIAN_POINT('',(2.,45.,27.));
#1183 = VECTOR('',#1184,1.);
#1184 = DIRECTION('',(1.,0.,0.));
#1185 = ORIENTED_EDGE('',*,*,#1129,.F.);
#1186 = PLANE('',#1187);
#1187 = AXIS2_PLACEMENT_3D('',#1188,#1189,#1190);
#1188 = CARTESIAN_POINT('',(2.,45.,18.));
#1189 = DIRECTION('',(0.,1.,0.));
#1190 = DIRECTION('',(0.,0.,1.));
#1191 = ADVANCED_FACE('',(#1192),#1198,.F.);
#1192 = FACE_BOUND('',#1193,.F.);
#1193 = EDGE_LOOP('',(#1194,#1195,#1196,#1197));
#1194 = ORIENTED_EDGE('',*,*,#1081,.F.);
#1195 = ORIENTED_EDGE('',*,*,#1151,.T.);
#1196 = ORIENTED_EDGE('',*,*,#1121,.T.);
#1197 = ORIENTED_EDGE('',*,*,#1173,.F.);
#1198 = PLANE('',#1199);
#1199 = AXIS2_PLACEMENT_3D('',#1200,#1201,#1202);
#1200 = CARTESIAN_POINT('',(2.,38.,18.));
#1201 = DIRECTION('',(0.,0.,1.));
#1202 = DIRECTION('',(1.,0.,0.));
#1203 = ADVANCED_FACE('',(#1204),#1210,.T.);
#1204 = FACE_BOUND('',#1205,.T.);
#1205 = EDGE_LOOP('',(#1206,#1207,#1208,#1209));
#1206 = ORIENTED_EDGE('',*,*,#1097,.F.);
#1207 = ORIENTED_EDGE('',*,*,#1158,.T.);
#1208 = ORIENTED_EDGE('',*,*,#1137,.T.);
#1209 = ORIENTED_EDGE('',*,*,#1180,.F.);
#1210 = PLANE('',#1211);
#1211 = AXIS2_PLACEMENT_3D('',#1212,#1213,#1214);
#1212 = CARTESIAN_POINT('',(2.,38.,27.));
#1213 = DIRECTION('',(0.,0.,1.));
#1214 = DIRECTION('',(1.,0.,0.));
#1215 = MANIFOLD_SOLID_BREP('',#1216);
#1216 = CLOSED_SHELL('',(#1217,#1257,#1297,#1319,#1341,#1353));
#1217 = ADVANCED_FACE('',(#1218),#1252,.F.);
#1218 = FACE_BOUND('',#1219,.F.);
#1219 = EDGE_LOOP('',(#1220,#1230,#1238,#1246));
#1220 = ORIENTED_EDGE('',*,*,#1221,.F.);
#1221 = EDGE_CURVE('',#1222,#1224,#1226,.T.);
#1222 = VERTEX_POINT('',#1223);
#1223 = CARTESIAN_POINT('',(4.,24.,18.));
#1224 = VERTEX_POINT('',#1225);
#1225 = CARTESIAN_POINT('',(4.,24.,21.5));
#1226 = LINE('',#1227,#1228);
#1227 = CARTESIAN_POINT('',(4.,24.,18.));
#1228 = VECTOR('',#1229,1.);
#1229 = DIRECTION('',(0.,0.,1.));
#1230 = ORIENTED_EDGE('',*,*,#1231,.T.);
#1231 = EDGE_CURVE('',#1222,#1232,#1234,.T.);
#1232 = VERTEX_POINT('',#1233);
#1233 = CARTESIAN_POINT('',(4.,35.,18.));
#1234 = LINE('',#1235,#1236);
#1235 = CARTESIAN_POINT('',(4.,24.,18.));
#1236 = VECTOR('',#1237,1.);
#1237 = DIRECTION('',(0.,1.,0.));
#1238 = ORIENTED_EDGE('',*,*,#1239,.T.);
#1239 = EDGE_CURVE('',#1232,#1240,#1242,.T.);
#1240 = VERTEX_POINT('',#1241);
#1241 = CARTESIAN_POINT('',(4.,35.,21.5));
#1242 = LINE('',#1243,#1244);
#1243 = CARTESIAN_POINT('',(4.,35.,18.));
#1244 = VECTOR('',#1245,1.);
#1245 = DIRECTION('',(0.,0.,1.));
#1246 = ORIENTED_EDGE('',*,*,#1247,.F.);
#1247 = EDGE_CURVE('',#1224,#1240,#1248,.T.);
#1248 = LINE('',#1249,#1250);
#1249 = CARTESIAN_POINT('',(4.,24.,21.5));
#1250 = VECTOR('',#1251,1.);
#1251 = DIRECTION('',(0.,1.,0.));
#1252 = PLANE('',#1253);
#1253 = AXIS2_PLACEMENT_3D('',#1254,#1255,#1256);
#1254 = CARTESIAN_POINT('',(4.,24.,18.));
#1255 = DIRECTION('',(1.,0.,0.));
#1256 = DIRECTION('',(0.,0.,1.));
#1257 = ADVANCED_FACE('',(#1258),#1292,.T.);
#1258 = FACE_BOUND('',#1259,.T.);
#1259 = EDGE_LOOP('',(#1260,#1270,#1278,#1286));
#1260 = ORIENTED_EDGE('',*,*,#1261,.F.);
#1261 = EDGE_CURVE('',#1262,#1264,#1266,.T.);
#1262 = VERTEX_POINT('',#1263);
#1263 = CARTESIAN_POINT('',(18.,24.,18.));
#1264 = VERTEX_POINT('',#1265);
#1265 = CARTESIAN_POINT('',(18.,24.,21.5));
#1266 = LINE('',#1267,#1268);
#1267 = CARTESIAN_POINT('',(18.,24.,18.));
#1268 = VECTOR('',#1269,1.);
#1269 = DIRECTION('',(0.,0.,1.));
#1270 = ORIENTED_EDGE('',*,*,#1271,.T.);
#1271 = EDGE_CURVE('',#1262,#1272,#1274,.T.);
#1272 = VERTEX_POINT('',#1273);
#1273 = CARTESIAN_POINT('',(18.,35.,18.));
#1274 = LINE('',#1275,#1276);
#1275 = CARTESIAN_POINT('',(18.,24.,18.));
#1276 = VECTOR('',#1277,1.);
#1277 = DIRECTION('',(0.,1.,0.));
#1278 = ORIENTED_EDGE('',*,*,#1279,.T.);
#1279 = EDGE_CURVE('',#1272,#1280,#1282,.T.);
#1280 = VERTEX_POINT('',#1281);
#1281 = CARTESIAN_POINT('',(18.,35.,21.5));
#1282 = LINE('',#1283,#1284);
#1283 = CARTESIAN_POINT('',(18.,35.,18.));
#1284 = VECTOR('',#1285,1.);
#1285 = DIRECTION('',(0.,0.,1.));
#1286 = ORIENTED_EDGE('',*,*,#1287,.F.);
#1287 = EDGE_CURVE('',#1264,#1280,#1288,.T.);
#1288 = LINE('',#1289,#1290);
#1289 = CARTESIAN_POINT('',(18.,24.,21.5));
#1290 = VECTOR('',#1291,1.);
#1291 = DIRECTION('',(0.,1.,0.));
#1292 = PLANE('',#1293);
#1293 = AXIS2_PLACEMENT_3D('',#1294,#1295,#1296);
#1294 = CARTESIAN_POINT('',(18.,24.,18.));
#1295 = DIRECTION('',(1.,0.,0.));
#1296 = DIRECTION('',(0.,0.,1.));
#1297 = ADVANCED_FACE('',(#1298),#1314,.F.);
#1298 = FACE_BOUND('',#1299,.F.);
#1299 = EDGE_LOOP('',(#1300,#1306,#1307,#1313));
#1300 = ORIENTED_EDGE('',*,*,#1301,.F.);
#1301 = EDGE_CURVE('',#1222,#1262,#1302,.T.);
#1302 = LINE('',#1303,#1304);
#1303 = CARTESIAN_POINT('',(4.,24.,18.));
#1304 = VECTOR('',#1305,1.);
#1305 = DIRECTION('',(1.,0.,0.));
#1306 = ORIENTED_EDGE('',*,*,#1221,.T.);
#1307 = ORIENTED_EDGE('',*,*,#1308,.T.);
#1308 = EDGE_CURVE('',#1224,#1264,#1309,.T.);
#1309 = LINE('',#1310,#1311);
#1310 = CARTESIAN_POINT('',(4.,24.,21.5));
#1311 = VECTOR('',#1312,1.);
#1312 = DIRECTION('',(1.,0.,0.));
#1313 = ORIENTED_EDGE('',*,*,#1261,.F.);
#1314 = PLANE('',#1315);
#1315 = AXIS2_PLACEMENT_3D('',#1316,#1317,#1318);
#1316 = CARTESIAN_POINT('',(4.,24.,18.));
#1317 = DIRECTION('',(0.,1.,0.));
#1318 = DIRECTION('',(0.,0.,1.));
#1319 = ADVANCED_FACE('',(#1320),#1336,.T.);
#1320 = FACE_BOUND('',#1321,.T.);
#1321 = EDGE_LOOP('',(#1322,#1328,#1329,#1335));
#1322 = ORIENTED_EDGE('',*,*,#1323,.F.);
#1323 = EDGE_CURVE('',#1232,#1272,#1324,.T.);
#1324 = LINE('',#1325,#1326);
#1325 = CARTESIAN_POINT('',(4.,35.,18.));
#1326 = VECTOR('',#1327,1.);
#1327 = DIRECTION('',(1.,0.,0.));
#1328 = ORIENTED_EDGE('',*,*,#1239,.T.);
#1329 = ORIENTED_EDGE('',*,*,#1330,.T.);
#1330 = EDGE_CURVE('',#1240,#1280,#1331,.T.);
#1331 = LINE('',#1332,#1333);
#1332 = CARTESIAN_POINT('',(4.,35.,21.5));
#1333 = VECTOR('',#1334,1.);
#1334 = DIRECTION('',(1.,0.,0.));
#1335 = ORIENTED_EDGE('',*,*,#1279,.F.);
#1336 = PLANE('',#1337);
#1337 = AXIS2_PLACEMENT_3D('',#1338,#1339,#1340);
#1338 = CARTESIAN_POINT('',(4.,35.,18.));
#1339 = DIRECTION('',(0.,1.,0.));
#1340 = DIRECTION('',(0.,0.,1.));
#1341 = ADVANCED_FACE('',(#1342),#1348,.F.);
#1342 = FACE_BOUND('',#1343,.F.);
#1343 = EDGE_LOOP('',(#1344,#1345,#1346,#1347));
#1344 = ORIENTED_EDGE('',*,*,#1231,.F.);
#1345 = ORIENTED_EDGE('',*,*,#1301,.T.);
#1346 = ORIENTED_EDGE('',*,*,#1271,.T.);
#1347 = ORIENTED_EDGE('',*,*,#1323,.F.);
#1348 = PLANE('',#1349);
#1349 = AXIS2_PLACEMENT_3D('',#1350,#1351,#1352);
#1350 = CARTESIAN_POINT('',(4.,24.,18.));
#1351 = DIRECTION('',(0.,0.,1.));
#1352 = DIRECTION('',(1.,0.,0.));
#1353 = ADVANCED_FACE('',(#1354),#1360,.T.);
#1354 = FACE_BOUND('',#1355,.T.);
#1355 = EDGE_LOOP('',(#1356,#1357,#1358,#1359));
#1356 = ORIENTED_EDGE('',*,*,#1247,.F.);
#1357 = ORIENTED_EDGE('',*,*,#1308,.T.);
#1358 = ORIENTED_EDGE('',*,*,#1287,.T.);
#1359 = ORIENTED_EDGE('',*,*,#1330,.F.);
#1360 = PLANE('',#1361);
#1361 = AXIS2_PLACEMENT_3D('',#1362,#1363,#1364);
#1362 = CARTESIAN_POINT('',(4.,24.,21.5));
#1363 = DIRECTION('',(0.,0.,1.));
#1364 = DIRECTION('',(1.,0.,0.));
#1365 = MANIFOLD_SOLID_BREP('',#1366);
#1366 = CLOSED_SHELL('',(#1367,#1407,#1447,#1469,#1491,#1503));
#1367 = ADVANCED_FACE('',(#1368),#1402,.F.);
#1368 = FACE_BOUND('',#1369,.F.);
#1369 = EDGE_LOOP('',(#1370,#1380,#1388,#1396));
#1370 = ORIENTED_EDGE('',*,*,#1371,.F.);
#1371 = EDGE_CURVE('',#1372,#1374,#1376,.T.);
#1372 = VERTEX_POINT('',#1373);
#1373 = CARTESIAN_POINT('',(3.,17.,6.5));
#1374 = VERTEX_POINT('',#1375);
#1375 = CARTESIAN_POINT('',(3.,17.,12.5));
#1376 = LINE('',#1377,#1378);
#1377 = CARTESIAN_POINT('',(3.,17.,6.5));
#1378 = VECTOR('',#1379,1.);
#1379 = DIRECTION('',(0.,0.,1.));
#1380 = ORIENTED_EDGE('',*,*,#1381,.T.);
#1381 = EDGE_CURVE('',#1372,#1382,#1384,.T.);
#1382 = VERTEX_POINT('',#1383);
#1383 = CARTESIAN_POINT('',(3.,23.3,6.5));
#1384 = LINE('',#1385,#1386);
#1385 = CARTESIAN_POINT('',(3.,17.,6.5));
#1386 = VECTOR('',#1387,1.);
#1387 = DIRECTION('',(0.,1.,0.));
#1388 = ORIENTED_EDGE('',*,*,#1389,.T.);
#1389 = EDGE_CURVE('',#1382,#1390,#1392,.T.);
#1390 = VERTEX_POINT('',#1391);
#1391 = CARTESIAN_POINT('',(3.,23.3,12.5));
#1392 = LINE('',#1393,#1394);
#1393 = CARTESIAN_POINT('',(3.,23.3,6.5));
#1394 = VECTOR('',#1395,1.);
#1395 = DIRECTION('',(0.,0.,1.));
#1396 = ORIENTED_EDGE('',*,*,#1397,.F.);
#1397 = EDGE_CURVE('',#1374,#1390,#1398,.T.);
#1398 = LINE('',#1399,#1400);
#1399 = CARTESIAN_POINT('',(3.,17.,12.5));
#1400 = VECTOR('',#1401,1.);
#1401 = DIRECTION('',(0.,1.,0.));
#1402 = PLANE('',#1403);
#1403 = AXIS2_PLACEMENT_3D('',#1404,#1405,#1406);
#1404 = CARTESIAN_POINT('',(3.,17.,6.5));
#1405 = DIRECTION('',(1.,0.,0.));
#1406 = DIRECTION('',(0.,0.,1.));
#1407 = ADVANCED_FACE('',(#1408),#1442,.T.);
#1408 = FACE_BOUND('',#1409,.T.);
#1409 = EDGE_LOOP('',(#1410,#1420,#1428,#1436));
#1410 = ORIENTED_EDGE('',*,*,#1411,.F.);
#1411 = EDGE_CURVE('',#1412,#1414,#1416,.T.);
#1412 = VERTEX_POINT('',#1413);
#1413 = CARTESIAN_POINT('',(9.3,17.,6.5));
#1414 = VERTEX_POINT('',#1415);
#1415 = CARTESIAN_POINT('',(9.3,17.,12.5));
#1416 = LINE('',#1417,#1418);
#1417 = CARTESIAN_POINT('',(9.3,17.,6.5));
#1418 = VECTOR('',#1419,1.);
#1419 = DIRECTION('',(0.,0.,1.));
#1420 = ORIENTED_EDGE('',*,*,#1421,.T.);
#1421 = EDGE_CURVE('',#1412,#1422,#1424,.T.);
#1422 = VERTEX_POINT('',#1423);
#1423 = CARTESIAN_POINT('',(9.3,23.3,6.5));
#1424 = LINE('',#1425,#1426);
#1425 = CARTESIAN_POINT('',(9.3,17.,6.5));
#1426 = VECTOR('',#1427,1.);
#1427 = DIRECTION('',(0.,1.,0.));
#1428 = ORIENTED_EDGE('',*,*,#1429,.T.);
#1429 = EDGE_CURVE('',#1422,#1430,#1432,.T.);
#1430 = VERTEX_POINT('',#1431);
#1431 = CARTESIAN_POINT('',(9.3,23.3,12.5));
#1432 = LINE('',#1433,#1434);
#1433 = CARTESIAN_POINT('',(9.3,23.3,6.5));
#1434 = VECTOR('',#1435,1.);
#1435 = DIRECTION('',(0.,0.,1.));
#1436 = ORIENTED_EDGE('',*,*,#1437,.F.);
#1437 = EDGE_CURVE('',#1414,#1430,#1438,.T.);
#1438 = LINE('',#1439,#1440);
#1439 = CARTESIAN_POINT('',(9.3,17.,12.5));
#1440 = VECTOR('',#1441,1.);
#1441 = DIRECTION('',(0.,1.,0.));
#1442 = PLANE('',#1443);
#1443 = AXIS2_PLACEMENT_3D('',#1444,#1445,#1446);
#1444 = CARTESIAN_POINT('',(9.3,17.,6.5));
#1445 = DIRECTION('',(1.,0.,0.));
#1446 = DIRECTION('',(0.,0.,1.));
#1447 = ADVANCED_FACE('',(#1448),#1464,.F.);
#1448 = FACE_BOUND('',#1449,.F.);
#1449 = EDGE_LOOP('',(#1450,#1456,#1457,#1463));
#1450 = ORIENTED_EDGE('',*,*,#1451,.F.);
#1451 = EDGE_CURVE('',#1372,#1412,#1452,.T.);
#1452 = LINE('',#1453,#1454);
#1453 = CARTESIAN_POINT('',(3.,17.,6.5));
#1454 = VECTOR('',#1455,1.);
#1455 = DIRECTION('',(1.,0.,0.));
#1456 = ORIENTED_EDGE('',*,*,#1371,.T.);
#1457 = ORIENTED_EDGE('',*,*,#1458,.T.);
#1458 = EDGE_CURVE('',#1374,#1414,#1459,.T.);
#1459 = LINE('',#1460,#1461);
#1460 = CARTESIAN_POINT('',(3.,17.,12.5));
#1461 = VECTOR('',#1462,1.);
#1462 = DIRECTION('',(1.,0.,0.));
#1463 = ORIENTED_EDGE('',*,*,#1411,.F.);
#1464 = PLANE('',#1465);
#1465 = AXIS2_PLACEMENT_3D('',#1466,#1467,#1468);
#1466 = CARTESIAN_POINT('',(3.,17.,6.5));
#1467 = DIRECTION('',(0.,1.,0.));
#1468 = DIRECTION('',(0.,0.,1.));
#1469 = ADVANCED_FACE('',(#1470),#1486,.T.);
#1470 = FACE_BOUND('',#1471,.T.);
#1471 = EDGE_LOOP('',(#1472,#1478,#1479,#1485));
#1472 = ORIENTED_EDGE('',*,*,#1473,.F.);
#1473 = EDGE_CURVE('',#1382,#1422,#1474,.T.);
#1474 = LINE('',#1475,#1476);
#1475 = CARTESIAN_POINT('',(3.,23.3,6.5));
#1476 = VECTOR('',#1477,1.);
#1477 = DIRECTION('',(1.,0.,0.));
#1478 = ORIENTED_EDGE('',*,*,#1389,.T.);
#1479 = ORIENTED_EDGE('',*,*,#1480,.T.);
#1480 = EDGE_CURVE('',#1390,#1430,#1481,.T.);
#1481 = LINE('',#1482,#1483);
#1482 = CARTESIAN_POINT('',(3.,23.3,12.5));
#1483 = VECTOR('',#1484,1.);
#1484 = DIRECTION('',(1.,0.,0.));
#1485 = ORIENTED_EDGE('',*,*,#1429,.F.);
#1486 = PLANE('',#1487);
#1487 = AXIS2_PLACEMENT_3D('',#1488,#1489,#1490);
#1488 = CARTESIAN_POINT('',(3.,23.3,6.5));
#1489 = DIRECTION('',(0.,1.,0.));
#1490 = DIRECTION('',(0.,0.,1.));
#1491 = ADVANCED_FACE('',(#1492),#1498,.F.);
#1492 = FACE_BOUND('',#1493,.F.);
#1493 = EDGE_LOOP('',(#1494,#1495,#1496,#1497));
#1494 = ORIENTED_EDGE('',*,*,#1381,.F.);
#1495 = ORIENTED_EDGE('',*,*,#1451,.T.);
#1496 = ORIENTED_EDGE('',*,*,#1421,.T.);
#1497 = ORIENTED_EDGE('',*,*,#1473,.F.);
#1498 = PLANE('',#1499);
#1499 = AXIS2_PLACEMENT_3D('',#1500,#1501,#1502);
#1500 = CARTESIAN_POINT('',(3.,17.,6.5));
#1501 = DIRECTION('',(0.,0.,1.));
#1502 = DIRECTION('',(1.,0.,0.));
#1503 = ADVANCED_FACE('',(#1504),#1510,.T.);
#1504 = FACE_BOUND('',#1505,.T.);
#1505 = EDGE_LOOP('',(#1506,#1507,#1508,#1509));
#1506 = ORIENTED_EDGE('',*,*,#1397,.F.);
#1507 = ORIENTED_EDGE('',*,*,#1458,.T.);
#1508 = ORIENTED_EDGE('',*,*,#1437,.T.);
#1509 = ORIENTED_EDGE('',*,*,#1480,.F.);
#1510 = PLANE('',#1511);
#1511 = AXIS2_PLACEMENT_3D('',#1512,#1513,#1514);
#1512 = CARTESIAN_POINT('',(3.,17.,12.5));
#1513 = DIRECTION('',(0.,0.,1.));
#1514 = DIRECTION('',(1.,0.,0.));
#1515 = MANIFOLD_SOLID_BREP('',#1516);
#1516 = CLOSED_SHELL('',(#1517,#1557,#1597,#1619,#1641,#1653));
#1517 = ADVANCED_FACE('',(#1518),#1552,.F.);
#1518 = FACE_BOUND('',#1519,.F.);
#1519 = EDGE_LOOP('',(#1520,#1530,#1538,#1546));
#1520 = ORIENTED_EDGE('',*,*,#1521,.F.);
#1521 = EDGE_CURVE('',#1522,#1524,#1526,.T.);
#1522 = VERTEX_POINT('',#1523);
#1523 = CARTESIAN_POINT('',(52.,4.,6.));
#1524 = VERTEX_POINT('',#1525);
#1525 = CARTESIAN_POINT('',(52.,4.,13.3));
#1526 = LINE('',#1527,#1528);
#1527 = CARTESIAN_POINT('',(52.,4.,6.));
#1528 = VECTOR('',#1529,1.);
#1529 = DIRECTION('',(0.,0.,1.));
#1530 = ORIENTED_EDGE('',*,*,#1531,.T.);
#1531 = EDGE_CURVE('',#1522,#1532,#1534,.T.);
#1532 = VERTEX_POINT('',#1533);
#1533 = CARTESIAN_POINT('',(52.,10.,6.));
#1534 = LINE('',#1535,#1536);
#1535 = CARTESIAN_POINT('',(52.,4.,6.));
#1536 = VECTOR('',#1537,1.);
#1537 = DIRECTION('',(0.,1.,0.));
#1538 = ORIENTED_EDGE('',*,*,#1539,.T.);
#1539 = EDGE_CURVE('',#1532,#1540,#1542,.T.);
#1540 = VERTEX_POINT('',#1541);
#1541 = CARTESIAN_POINT('',(52.,10.,13.3));
#1542 = LINE('',#1543,#1544);
#1543 = CARTESIAN_POINT('',(52.,10.,6.));
#1544 = VECTOR('',#1545,1.);
#1545 = DIRECTION('',(0.,0.,1.));
#1546 = ORIENTED_EDGE('',*,*,#1547,.F.);
#1547 = EDGE_CURVE('',#1524,#1540,#1548,.T.);
#1548 = LINE('',#1549,#1550);
#1549 = CARTESIAN_POINT('',(52.,4.,13.3));
#1550 = VECTOR('',#1551,1.);
#1551 = DIRECTION('',(0.,1.,0.));
#1552 = PLANE('',#1553);
#1553 = AXIS2_PLACEMENT_3D('',#1554,#1555,#1556);
#1554 = CARTESIAN_POINT('',(52.,4.,6.));
#1555 = DIRECTION('',(1.,0.,0.));
#1556 = DIRECTION('',(0.,0.,1.));
#1557 = ADVANCED_FACE('',(#1558),#1592,.T.);
#1558 = FACE_BOUND('',#1559,.T.);
#1559 = EDGE_LOOP('',(#1560,#1570,#1578,#1586));
#1560 = ORIENTED_EDGE('',*,*,#1561,.F.);
#1561 = EDGE_CURVE('',#1562,#1564,#1566,.T.);
#1562 = VERTEX_POINT('',#1563);
#1563 = CARTESIAN_POINT('',(58.,4.,6.));
#1564 = VERTEX_POINT('',#1565);
#1565 = CARTESIAN_POINT('',(58.,4.,13.3));
#1566 = LINE('',#1567,#1568);
#1567 = CARTESIAN_POINT('',(58.,4.,6.));
#1568 = VECTOR('',#1569,1.);
#1569 = DIRECTION('',(0.,0.,1.));
#1570 = ORIENTED_EDGE('',*,*,#1571,.T.);
#1571 = EDGE_CURVE('',#1562,#1572,#1574,.T.);
#1572 = VERTEX_POINT('',#1573);
#1573 = CARTESIAN_POINT('',(58.,10.,6.));
#1574 = LINE('',#1575,#1576);
#1575 = CARTESIAN_POINT('',(58.,4.,6.));
#1576 = VECTOR('',#1577,1.);
#1577 = DIRECTION('',(0.,1.,0.));
#1578 = ORIENTED_EDGE('',*,*,#1579,.T.);
#1579 = EDGE_CURVE('',#1572,#1580,#1582,.T.);
#1580 = VERTEX_POINT('',#1581);
#1581 = CARTESIAN_POINT('',(58.,10.,13.3));
#1582 = LINE('',#1583,#1584);
#1583 = CARTESIAN_POINT('',(58.,10.,6.));
#1584 = VECTOR('',#1585,1.);
#1585 = DIRECTION('',(0.,0.,1.));
#1586 = ORIENTED_EDGE('',*,*,#1587,.F.);
#1587 = EDGE_CURVE('',#1564,#1580,#1588,.T.);
#1588 = LINE('',#1589,#1590);
#1589 = CARTESIAN_POINT('',(58.,4.,13.3));
#1590 = VECTOR('',#1591,1.);
#1591 = DIRECTION('',(0.,1.,0.));
#1592 = PLANE('',#1593);
#1593 = AXIS2_PLACEMENT_3D('',#1594,#1595,#1596);
#1594 = CARTESIAN_POINT('',(58.,4.,6.));
#1595 = DIRECTION('',(1.,0.,0.));
#1596 = DIRECTION('',(0.,0.,1.));
#1597 = ADVANCED_FACE('',(#1598),#1614,.F.);
#1598 = FACE_BOUND('',#1599,.F.);
#1599 = EDGE_LOOP('',(#1600,#1606,#1607,#1613));
#1600 = ORIENTED_EDGE('',*,*,#1601,.F.);
#1601 = EDGE_CURVE('',#1522,#1562,#1602,.T.);
#1602 = LINE('',#1603,#1604);
#1603 = CARTESIAN_POINT('',(52.,4.,6.));
#1604 = VECTOR('',#1605,1.);
#1605 = DIRECTION('',(1.,0.,0.));
#1606 = ORIENTED_EDGE('',*,*,#1521,.T.);
#1607 = ORIENTED_EDGE('',*,*,#1608,.T.);
#1608 = EDGE_CURVE('',#1524,#1564,#1609,.T.);
#1609 = LINE('',#1610,#1611);
#1610 = CARTESIAN_POINT('',(52.,4.,13.3));
#1611 = VECTOR('',#1612,1.);
#1612 = DIRECTION('',(1.,0.,0.));
#1613 = ORIENTED_EDGE('',*,*,#1561,.F.);
#1614 = PLANE('',#1615);
#1615 = AXIS2_PLACEMENT_3D('',#1616,#1617,#1618);
#1616 = CARTESIAN_POINT('',(52.,4.,6.));
#1617 = DIRECTION('',(0.,1.,0.));
#1618 = DIRECTION('',(0.,0.,1.));
#1619 = ADVANCED_FACE('',(#1620),#1636,.T.);
#1620 = FACE_BOUND('',#1621,.T.);
#1621 = EDGE_LOOP('',(#1622,#1628,#1629,#1635));
#1622 = ORIENTED_EDGE('',*,*,#1623,.F.);
#1623 = EDGE_CURVE('',#1532,#1572,#1624,.T.);
#1624 = LINE('',#1625,#1626);
#1625 = CARTESIAN_POINT('',(52.,10.,6.));
#1626 = VECTOR('',#1627,1.);
#1627 = DIRECTION('',(1.,0.,0.));
#1628 = ORIENTED_EDGE('',*,*,#1539,.T.);
#1629 = ORIENTED_EDGE('',*,*,#1630,.T.);
#1630 = EDGE_CURVE('',#1540,#1580,#1631,.T.);
#1631 = LINE('',#1632,#1633);
#1632 = CARTESIAN_POINT('',(52.,10.,13.3));
#1633 = VECTOR('',#1634,1.);
#1634 = DIRECTION('',(1.,0.,0.));
#1635 = ORIENTED_EDGE('',*,*,#1579,.F.);
#1636 = PLANE('',#1637);
#1637 = AXIS2_PLACEMENT_3D('',#1638,#1639,#1640);
#1638 = CARTESIAN_POINT('',(52.,10.,6.));
#1639 = DIRECTION('',(0.,1.,0.));
#1640 = DIRECTION('',(0.,0.,1.));
#1641 = ADVANCED_FACE('',(#1642),#1648,.F.);
#1642 = FACE_BOUND('',#1643,.F.);
#1643 = EDGE_LOOP('',(#1644,#1645,#1646,#1647));
#1644 = ORIENTED_EDGE('',*,*,#1531,.F.);
#1645 = ORIENTED_EDGE('',*,*,#1601,.T.);
#1646 = ORIENTED_EDGE('',*,*,#1571,.T.);
#1647 = ORIENTED_EDGE('',*,*,#1623,.F.);
#1648 = PLANE('',#1649);
#1649 = AXIS2_PLACEMENT_3D('',#1650,#1651,#1652);
#1650 = CARTESIAN_POINT('',(52.,4.,6.));
#1651 = DIRECTION('',(0.,0.,1.));
#1652 = DIRECTION('',(1.,0.,0.));
#1653 = ADVANCED_FACE('',(#1654),#1660,.T.);
#1654 = FACE_BOUND('',#1655,.T.);
#1655 = EDGE_LOOP('',(#1656,#1657,#1658,#1659));
#1656 = ORIENTED_EDGE('',*,*,#1547,.F.);
#1657 = ORIENTED_EDGE('',*,*,#1608,.T.);
#1658 = ORIENTED_EDGE('',*,*,#1587,.T.);
#1659 = ORIENTED_EDGE('',*,*,#1630,.F.);
#1660 = PLANE('',#1661);
#1661 = AXIS2_PLACEMENT_3D('',#1662,#1663,#1664);
#1662 = CARTESIAN_POINT('',(52.,4.,13.3));
#1663 = DIRECTION('',(0.,0.,1.));
#1664 = DIRECTION('',(1.,0.,0.));
#1665 = MANIFOLD_SOLID_BREP('',#1666);
#1666 = CLOSED_SHELL('',(#1667,#1707,#1747,#1769,#1791,#1803));
#1667 = ADVANCED_FACE('',(#1668),#1702,.F.);
#1668 = FACE_BOUND('',#1669,.F.);
#1669 = EDGE_LOOP('',(#1670,#1680,#1688,#1696));
#1670 = ORIENTED_EDGE('',*,*,#1671,.F.);
#1671 = EDGE_CURVE('',#1672,#1674,#1676,.T.);
#1672 = VERTEX_POINT('',#1673);
#1673 = CARTESIAN_POINT('',(48.,3.,15.5));
#1674 = VERTEX_POINT('',#1675);
#1675 = CARTESIAN_POINT('',(48.,3.,20.5));
#1676 = LINE('',#1677,#1678);
#1677 = CARTESIAN_POINT('',(48.,3.,15.5));
#1678 = VECTOR('',#1679,1.);
#1679 = DIRECTION('',(0.,0.,1.));
#1680 = ORIENTED_EDGE('',*,*,#1681,.T.);
#1681 = EDGE_CURVE('',#1672,#1682,#1684,.T.);
#1682 = VERTEX_POINT('',#1683);
#1683 = CARTESIAN_POINT('',(48.,19.,15.5));
#1684 = LINE('',#1685,#1686);
#1685 = CARTESIAN_POINT('',(48.,3.,15.5));
#1686 = VECTOR('',#1687,1.);
#1687 = DIRECTION('',(0.,1.,0.));
#1688 = ORIENTED_EDGE('',*,*,#1689,.T.);
#1689 = EDGE_CURVE('',#1682,#1690,#1692,.T.);
#1690 = VERTEX_POINT('',#1691);
#1691 = CARTESIAN_POINT('',(48.,19.,20.5));
#1692 = LINE('',#1693,#1694);
#1693 = CARTESIAN_POINT('',(48.,19.,15.5));
#1694 = VECTOR('',#1695,1.);
#1695 = DIRECTION('',(0.,0.,1.));
#1696 = ORIENTED_EDGE('',*,*,#1697,.F.);
#1697 = EDGE_CURVE('',#1674,#1690,#1698,.T.);
#1698 = LINE('',#1699,#1700);
#1699 = CARTESIAN_POINT('',(48.,3.,20.5));
#1700 = VECTOR('',#1701,1.);
#1701 = DIRECTION('',(0.,1.,0.));
#1702 = PLANE('',#1703);
#1703 = AXIS2_PLACEMENT_3D('',#1704,#1705,#1706);
#1704 = CARTESIAN_POINT('',(48.,3.,15.5));
#1705 = DIRECTION('',(1.,0.,0.));
#1706 = DIRECTION('',(0.,0.,1.));
#1707 = ADVANCED_FACE('',(#1708),#1742,.T.);
#1708 = FACE_BOUND('',#1709,.T.);
#1709 = EDGE_LOOP('',(#1710,#1720,#1728,#1736));
#1710 = ORIENTED_EDGE('',*,*,#1711,.F.);
#1711 = EDGE_CURVE('',#1712,#1714,#1716,.T.);
#1712 = VERTEX_POINT('',#1713);
#1713 = CARTESIAN_POINT('',(56.,3.,15.5));
#1714 = VERTEX_POINT('',#1715);
#1715 = CARTESIAN_POINT('',(56.,3.,20.5));
#1716 = LINE('',#1717,#1718);
#1717 = CARTESIAN_POINT('',(56.,3.,15.5));
#1718 = VECTOR('',#1719,1.);
#1719 = DIRECTION('',(0.,0.,1.));
#1720 = ORIENTED_EDGE('',*,*,#1721,.T.);
#1721 = EDGE_CURVE('',#1712,#1722,#1724,.T.);
#1722 = VERTEX_POINT('',#1723);
#1723 = CARTESIAN_POINT('',(56.,19.,15.5));
#1724 = LINE('',#1725,#1726);
#1725 = CARTESIAN_POINT('',(56.,3.,15.5));
#1726 = VECTOR('',#1727,1.);
#1727 = DIRECTION('',(0.,1.,0.));
#1728 = ORIENTED_EDGE('',*,*,#1729,.T.);
#1729 = EDGE_CURVE('',#1722,#1730,#1732,.T.);
#1730 = VERTEX_POINT('',#1731);
#1731 = CARTESIAN_POINT('',(56.,19.,20.5));
#1732 = LINE('',#1733,#1734);
#1733 = CARTESIAN_POINT('',(56.,19.,15.5));
#1734 = VECTOR('',#1735,1.);
#1735 = DIRECTION('',(0.,0.,1.));
#1736 = ORIENTED_EDGE('',*,*,#1737,.F.);
#1737 = EDGE_CURVE('',#1714,#1730,#1738,.T.);
#1738 = LINE('',#1739,#1740);
#1739 = CARTESIAN_POINT('',(56.,3.,20.5));
#1740 = VECTOR('',#1741,1.);
#1741 = DIRECTION('',(0.,1.,0.));
#1742 = PLANE('',#1743);
#1743 = AXIS2_PLACEMENT_3D('',#1744,#1745,#1746);
#1744 = CARTESIAN_POINT('',(56.,3.,15.5));
#1745 = DIRECTION('',(1.,0.,0.));
#1746 = DIRECTION('',(0.,0.,1.));
#1747 = ADVANCED_FACE('',(#1748),#1764,.F.);
#1748 = FACE_BOUND('',#1749,.F.);
#1749 = EDGE_LOOP('',(#1750,#1756,#1757,#1763));
#1750 = ORIENTED_EDGE('',*,*,#1751,.F.);
#1751 = EDGE_CURVE('',#1672,#1712,#1752,.T.);
#1752 = LINE('',#1753,#1754);
#1753 = CARTESIAN_POINT('',(48.,3.,15.5));
#1754 = VECTOR('',#1755,1.);
#1755 = DIRECTION('',(1.,0.,0.));
#1756 = ORIENTED_EDGE('',*,*,#1671,.T.);
#1757 = ORIENTED_EDGE('',*,*,#1758,.T.);
#1758 = EDGE_CURVE('',#1674,#1714,#1759,.T.);
#1759 = LINE('',#1760,#1761);
#1760 = CARTESIAN_POINT('',(48.,3.,20.5));
#1761 = VECTOR('',#1762,1.);
#1762 = DIRECTION('',(1.,0.,0.));
#1763 = ORIENTED_EDGE('',*,*,#1711,.F.);
#1764 = PLANE('',#1765);
#1765 = AXIS2_PLACEMENT_3D('',#1766,#1767,#1768);
#1766 = CARTESIAN_POINT('',(48.,3.,15.5));
#1767 = DIRECTION('',(0.,1.,0.));
#1768 = DIRECTION('',(0.,0.,1.));
#1769 = ADVANCED_FACE('',(#1770),#1786,.T.);
#1770 = FACE_BOUND('',#1771,.T.);
#1771 = EDGE_LOOP('',(#1772,#1778,#1779,#1785));
#1772 = ORIENTED_EDGE('',*,*,#1773,.F.);
#1773 = EDGE_CURVE('',#1682,#1722,#1774,.T.);
#1774 = LINE('',#1775,#1776);
#1775 = CARTESIAN_POINT('',(48.,19.,15.5));
#1776 = VECTOR('',#1777,1.);
#1777 = DIRECTION('',(1.,0.,0.));
#1778 = ORIENTED_EDGE('',*,*,#1689,.T.);
#1779 = ORIENTED_EDGE('',*,*,#1780,.T.);
#1780 = EDGE_CURVE('',#1690,#1730,#1781,.T.);
#1781 = LINE('',#1782,#1783);
#1782 = CARTESIAN_POINT('',(48.,19.,20.5));
#1783 = VECTOR('',#1784,1.);
#1784 = DIRECTION('',(1.,0.,0.));
#1785 = ORIENTED_EDGE('',*,*,#1729,.F.);
#1786 = PLANE('',#1787);
#1787 = AXIS2_PLACEMENT_3D('',#1788,#1789,#1790);
#1788 = CARTESIAN_POINT('',(48.,19.,15.5));
#1789 = DIRECTION('',(0.,1.,0.));
#1790 = DIRECTION('',(0.,0.,1.));
#1791 = ADVANCED_FACE('',(#1792),#1798,.F.);
#1792 = FACE_BOUND('',#1793,.F.);
#1793 = EDGE_LOOP('',(#1794,#1795,#1796,#1797));
#1794 = ORIENTED_EDGE('',*,*,#1681,.F.);
#1795 = ORIENTED_EDGE('',*,*,#1751,.T.);
#1796 = ORIENTED_EDGE('',*,*,#1721,.T.);
#1797 = ORIENTED_EDGE('',*,*,#1773,.F.);
#1798 = PLANE('',#1799);
#1799 = AXIS2_PLACEMENT_3D('',#1800,#1801,#1802);
#1800 = CARTESIAN_POINT('',(48.,3.,15.5));
#1801 = DIRECTION('',(0.,0.,1.));
#1802 = DIRECTION('',(1.,0.,0.));
#1803 = ADVANCED_FACE('',(#1804),#1810,.T.);
#1804 = FACE_BOUND('',#1805,.T.);
#1805 = EDGE_LOOP('',(#1806,#1807,#1808,#1809));
#1806 = ORIENTED_EDGE('',*,*,#1697,.F.);
#1807 = ORIENTED_EDGE('',*,*,#1758,.T.);
#1808 = ORIENTED_EDGE('',*,*,#1737,.T.);
#1809 = ORIENTED_EDGE('',*,*,#1780,.F.);
#1810 = PLANE('',#1811);
#1811 = AXIS2_PLACEMENT_3D('',#1812,#1813,#1814);
#1812 = CARTESIAN_POINT('',(48.,3.,20.5));
#1813 = DIRECTION('',(0.,0.,1.));
#1814 = DIRECTION('',(1.,0.,0.));
#1815 = MANIFOLD_SOLID_BREP('',#1816);
#1816 = CLOSED_SHELL('',(#1817,#1857,#1897,#1919,#1941,#1953));
#1817 = ADVANCED_FACE('',(#1818),#1852,.F.);
#1818 = FACE_BOUND('',#1819,.F.);
#1819 = EDGE_LOOP('',(#1820,#1830,#1838,#1846));
#1820 = ORIENTED_EDGE('',*,*,#1821,.F.);
#1821 = EDGE_CURVE('',#1822,#1824,#1826,.T.);
#1822 = VERTEX_POINT('',#1823);
#1823 = CARTESIAN_POINT('',(48.,8.,24.));
#1824 = VERTEX_POINT('',#1825);
#1825 = CARTESIAN_POINT('',(48.,8.,32.));
#1826 = LINE('',#1827,#1828);
#1827 = CARTESIAN_POINT('',(48.,8.,24.));
#1828 = VECTOR('',#1829,1.);
#1829 = DIRECTION('',(0.,0.,1.));
#1830 = ORIENTED_EDGE('',*,*,#1831,.T.);
#1831 = EDGE_CURVE('',#1822,#1832,#1834,.T.);
#1832 = VERTEX_POINT('',#1833);
#1833 = CARTESIAN_POINT('',(48.,10.6,24.));
#1834 = LINE('',#1835,#1836);
#1835 = CARTESIAN_POINT('',(48.,8.,24.));
#1836 = VECTOR('',#1837,1.);
#1837 = DIRECTION('',(0.,1.,0.));
#1838 = ORIENTED_EDGE('',*,*,#1839,.T.);
#1839 = EDGE_CURVE('',#1832,#1840,#1842,.T.);
#1840 = VERTEX_POINT('',#1841);
#1841 = CARTESIAN_POINT('',(48.,10.6,32.));
#1842 = LINE('',#1843,#1844);
#1843 = CARTESIAN_POINT('',(48.,10.6,24.));
#1844 = VECTOR('',#1845,1.);
#1845 = DIRECTION('',(0.,0.,1.));
#1846 = ORIENTED_EDGE('',*,*,#1847,.F.);
#1847 = EDGE_CURVE('',#1824,#1840,#1848,.T.);
#1848 = LINE('',#1849,#1850);
#1849 = CARTESIAN_POINT('',(48.,8.,32.));
#1850 = VECTOR('',#1851,1.);
#1851 = DIRECTION('',(0.,1.,0.));
#1852 = PLANE('',#1853);
#1853 = AXIS2_PLACEMENT_3D('',#1854,#1855,#1856);
#1854 = CARTESIAN_POINT('',(48.,8.,24.));
#1855 = DIRECTION('',(1.,0.,0.));
#1856 = DIRECTION('',(0.,0.,1.));
#1857 = ADVANCED_FACE('',(#1858),#1892,.T.);
#1858 = FACE_BOUND('',#1859,.T.);
#1859 = EDGE_LOOP('',(#1860,#1870,#1878,#1886));
#1860 = ORIENTED_EDGE('',*,*,#1861,.F.);
#1861 = EDGE_CURVE('',#1862,#1864,#1866,.T.);
#1862 = VERTEX_POINT('',#1863);
#1863 = CARTESIAN_POINT('',(53.,8.,24.));
#1864 = VERTEX_POINT('',#1865);
#1865 = CARTESIAN_POINT('',(53.,8.,32.));
#1866 = LINE('',#1867,#1868);
#1867 = CARTESIAN_POINT('',(53.,8.,24.));
#1868 = VECTOR('',#1869,1.);
#1869 = DIRECTION('',(0.,0.,1.));
#1870 = ORIENTED_EDGE('',*,*,#1871,.T.);
#1871 = EDGE_CURVE('',#1862,#1872,#1874,.T.);
#1872 = VERTEX_POINT('',#1873);
#1873 = CARTESIAN_POINT('',(53.,10.6,24.));
#1874 = LINE('',#1875,#1876);
#1875 = CARTESIAN_POINT('',(53.,8.,24.));
#1876 = VECTOR('',#1877,1.);
#1877 = DIRECTION('',(0.,1.,0.));
#1878 = ORIENTED_EDGE('',*,*,#1879,.T.);
#1879 = EDGE_CURVE('',#1872,#1880,#1882,.T.);
#1880 = VERTEX_POINT('',#1881);
#1881 = CARTESIAN_POINT('',(53.,10.6,32.));
#1882 = LINE('',#1883,#1884);
#1883 = CARTESIAN_POINT('',(53.,10.6,24.));
#1884 = VECTOR('',#1885,1.);
#1885 = DIRECTION('',(0.,0.,1.));
#1886 = ORIENTED_EDGE('',*,*,#1887,.F.);
#1887 = EDGE_CURVE('',#1864,#1880,#1888,.T.);
#1888 = LINE('',#1889,#1890);
#1889 = CARTESIAN_POINT('',(53.,8.,32.));
#1890 = VECTOR('',#1891,1.);
#1891 = DIRECTION('',(0.,1.,0.));
#1892 = PLANE('',#1893);
#1893 = AXIS2_PLACEMENT_3D('',#1894,#1895,#1896);
#1894 = CARTESIAN_POINT('',(53.,8.,24.));
#1895 = DIRECTION('',(1.,0.,0.));
#1896 = DIRECTION('',(0.,0.,1.));
#1897 = ADVANCED_FACE('',(#1898),#1914,.F.);
#1898 = FACE_BOUND('',#1899,.F.);
#1899 = EDGE_LOOP('',(#1900,#1906,#1907,#1913));
#1900 = ORIENTED_EDGE('',*,*,#1901,.F.);
#1901 = EDGE_CURVE('',#1822,#1862,#1902,.T.);
#1902 = LINE('',#1903,#1904);
#1903 = CARTESIAN_POINT('',(48.,8.,24.));
#1904 = VECTOR('',#1905,1.);
#1905 = DIRECTION('',(1.,0.,0.));
#1906 = ORIENTED_EDGE('',*,*,#1821,.T.);
#1907 = ORIENTED_EDGE('',*,*,#1908,.T.);
#1908 = EDGE_CURVE('',#1824,#1864,#1909,.T.);
#1909 = LINE('',#1910,#1911);
#1910 = CARTESIAN_POINT('',(48.,8.,32.));
#1911 = VECTOR('',#1912,1.);
#1912 = DIRECTION('',(1.,0.,0.));
#1913 = ORIENTED_EDGE('',*,*,#1861,.F.);
#1914 = PLANE('',#1915);
#1915 = AXIS2_PLACEMENT_3D('',#1916,#1917,#1918);
#1916 = CARTESIAN_POINT('',(48.,8.,24.));
#1917 = DIRECTION('',(0.,1.,0.));
#1918 = DIRECTION('',(0.,0.,1.));
#1919 = ADVANCED_FACE('',(#1920),#1936,.T.);
#1920 = FACE_BOUND('',#1921,.T.);
#1921 = EDGE_LOOP('',(#1922,#1928,#1929,#1935));
#1922 = ORIENTED_EDGE('',*,*,#1923,.F.);
#1923 = EDGE_CURVE('',#1832,#1872,#1924,.T.);
#1924 = LINE('',#1925,#1926);
#1925 = CARTESIAN_POINT('',(48.,10.6,24.));
#1926 = VECTOR('',#1927,1.);
#1927 = DIRECTION('',(1.,0.,0.));
#1928 = ORIENTED_EDGE('',*,*,#1839,.T.);
#1929 = ORIENTED_EDGE('',*,*,#1930,.T.);
#1930 = EDGE_CURVE('',#1840,#1880,#1931,.T.);
#1931 = LINE('',#1932,#1933);
#1932 = CARTESIAN_POINT('',(48.,10.6,32.));
#1933 = VECTOR('',#1934,1.);
#1934 = DIRECTION('',(1.,0.,0.));
#1935 = ORIENTED_EDGE('',*,*,#1879,.F.);
#1936 = PLANE('',#1937);
#1937 = AXIS2_PLACEMENT_3D('',#1938,#1939,#1940);
#1938 = CARTESIAN_POINT('',(48.,10.6,24.));
#1939 = DIRECTION('',(0.,1.,0.));
#1940 = DIRECTION('',(0.,0.,1.));
#1941 = ADVANCED_FACE('',(#1942),#1948,.F.);
#1942 = FACE_BOUND('',#1943,.F.);
#1943 = EDGE_LOOP('',(#1944,#1945,#1946,#1947));
#1944 = ORIENTED_EDGE('',*,*,#1831,.F.);
#1945 = ORIENTED_EDGE('',*,*,#1901,.T.);
#1946 = ORIENTED_EDGE('',*,*,#1871,.T.);
#1947 = ORIENTED_EDGE('',*,*,#1923,.F.);
#1948 = PLANE('',#1949);
#1949 = AXIS2_PLACEMENT_3D('',#1950,#1951,#1952);
#1950 = CARTESIAN_POINT('',(48.,8.,24.));
#1951 = DIRECTION('',(0.,0.,1.));
#1952 = DIRECTION('',(1.,0.,0.));
#1953 = ADVANCED_FACE('',(#1954),#1960,.T.);
#1954 = FACE_BOUND('',#1955,.T.);
#1955 = EDGE_LOOP('',(#1956,#1957,#1958,#1959));
#1956 = ORIENTED_EDGE('',*,*,#1847,.F.);
#1957 = ORIENTED_EDGE('',*,*,#1908,.T.);
#1958 = ORIENTED_EDGE('',*,*,#1887,.T.);
#1959 = ORIENTED_EDGE('',*,*,#1930,.F.);
#1960 = PLANE('',#1961);
#1961 = AXIS2_PLACEMENT_3D('',#1962,#1963,#1964);
#1962 = CARTESIAN_POINT('',(48.,8.,32.));
#1963 = DIRECTION('',(0.,0.,1.));
#1964 = DIRECTION('',(1.,0.,0.));
#1965 = MANIFOLD_SOLID_BREP('',#1966);
#1966 = CLOSED_SHELL('',(#1967,#2000,#2009));
#1967 = ADVANCED_FACE('',(#1968),#1995,.T.);
#1968 = FACE_BOUND('',#1969,.T.);
#1969 = EDGE_LOOP('',(#1970,#1979,#1987,#1994));
#1970 = ORIENTED_EDGE('',*,*,#1971,.F.);
#1971 = EDGE_CURVE('',#1972,#1972,#1974,.T.);
#1972 = VERTEX_POINT('',#1973);
#1973 = CARTESIAN_POINT('',(60.,1.836970198721E-16,0.75));
#1974 = CIRCLE('',#1975,0.75);
#1975 = AXIS2_PLACEMENT_3D('',#1976,#1977,#1978);
#1976 = CARTESIAN_POINT('',(60.,0.,0.));
#1977 = DIRECTION('',(1.,0.,-0.));
#1978 = DIRECTION('',(0.,0.,1.));
#1979 = ORIENTED_EDGE('',*,*,#1980,.F.);
#1980 = EDGE_CURVE('',#1981,#1972,#1983,.T.);
#1981 = VERTEX_POINT('',#1982);
#1982 = CARTESIAN_POINT('',(0.,1.836970198721E-16,0.75));
#1983 = LINE('',#1984,#1985);
#1984 = CARTESIAN_POINT('',(0.,1.836970198721E-16,0.75));
#1985 = VECTOR('',#1986,1.);
#1986 = DIRECTION('',(1.,0.,0.));
#1987 = ORIENTED_EDGE('',*,*,#1988,.T.);
#1988 = EDGE_CURVE('',#1981,#1981,#1989,.T.);
#1989 = CIRCLE('',#1990,0.75);
#1990 = AXIS2_PLACEMENT_3D('',#1991,#1992,#1993);
#1991 = CARTESIAN_POINT('',(0.,0.,0.));
#1992 = DIRECTION('',(1.,0.,-0.));
#1993 = DIRECTION('',(0.,0.,1.));
#1994 = ORIENTED_EDGE('',*,*,#1980,.T.);
#1995 = CYLINDRICAL_SURFACE('',#1996,0.75);
#1996 = AXIS2_PLACEMENT_3D('',#1997,#1998,#1999);
#1997 = CARTESIAN_POINT('',(0.,0.,0.));
#1998 = DIRECTION('',(1.,0.,0.));
#1999 = DIRECTION('',(0.,0.,1.));
#2000 = ADVANCED_FACE('',(#2001),#2004,.T.);
#2001 = FACE_BOUND('',#2002,.T.);
#2002 = EDGE_LOOP('',(#2003));
#2003 = ORIENTED_EDGE('',*,*,#1971,.T.);
#2004 = PLANE('',#2005);
#2005 = AXIS2_PLACEMENT_3D('',#2006,#2007,#2008);
#2006 = CARTESIAN_POINT('',(60.,0.,0.));
#2007 = DIRECTION('',(1.,0.,0.));
#2008 = DIRECTION('',(0.,0.,1.));
#2009 = ADVANCED_FACE('',(#2010),#2013,.F.);
#2010 = FACE_BOUND('',#2011,.T.);
#2011 = EDGE_LOOP('',(#2012));
#2012 = ORIENTED_EDGE('',*,*,#1988,.F.);
#2013 = PLANE('',#2014);
#2014 = AXIS2_PLACEMENT_3D('',#2015,#2016,#2017);
#2015 = CARTESIAN_POINT('',(0.,0.,0.));
#2016 = DIRECTION('',(1.,0.,0.));
#2017 = DIRECTION('',(0.,0.,1.));
#2018 = MANIFOLD_SOLID_BREP('',#2019);
#2019 = CLOSED_SHELL('',(#2020,#2053,#2062));
#2020 = ADVANCED_FACE('',(#2021),#2048,.T.);
#2021 = FACE_BOUND('',#2022,.T.);
#2022 = EDGE_LOOP('',(#2023,#2032,#2040,#2047));
#2023 = ORIENTED_EDGE('',*,*,#2024,.F.);
#2024 = EDGE_CURVE('',#2025,#2025,#2027,.T.);
#2025 = VERTEX_POINT('',#2026);
#2026 = CARTESIAN_POINT('',(60.,45.,0.75));
#2027 = CIRCLE('',#2028,0.75);
#2028 = AXIS2_PLACEMENT_3D('',#2029,#2030,#2031);
#2029 = CARTESIAN_POINT('',(60.,45.,0.));
#2030 = DIRECTION('',(1.,0.,-0.));
#2031 = DIRECTION('',(0.,0.,1.));
#2032 = ORIENTED_EDGE('',*,*,#2033,.F.);
#2033 = EDGE_CURVE('',#2034,#2025,#2036,.T.);
#2034 = VERTEX_POINT('',#2035);
#2035 = CARTESIAN_POINT('',(0.,45.,0.75));
#2036 = LINE('',#2037,#2038);
#2037 = CARTESIAN_POINT('',(0.,45.,0.75));
#2038 = VECTOR('',#2039,1.);
#2039 = DIRECTION('',(1.,0.,0.));
#2040 = ORIENTED_EDGE('',*,*,#2041,.T.);
#2041 = EDGE_CURVE('',#2034,#2034,#2042,.T.);
#2042 = CIRCLE('',#2043,0.75);
#2043 = AXIS2_PLACEMENT_3D('',#2044,#2045,#2046);
#2044 = CARTESIAN_POINT('',(0.,45.,0.));
#2045 = DIRECTION('',(1.,0.,-0.));
#2046 = DIRECTION('',(0.,0.,1.));
#2047 = ORIENTED_EDGE('',*,*,#2033,.T.);
#2048 = CYLINDRICAL_SURFACE('',#2049,0.75);
#2049 = AXIS2_PLACEMENT_3D('',#2050,#2051,#2052);
#2050 = CARTESIAN_POINT('',(0.,45.,0.));
#2051 = DIRECTION('',(1.,0.,0.));
#2052 = DIRECTION('',(0.,0.,1.));
#2053 = ADVANCED_FACE('',(#2054),#2057,.T.);
#2054 = FACE_BOUND('',#2055,.T.);
#2055 = EDGE_LOOP('',(#2056));
#2056 = ORIENTED_EDGE('',*,*,#2024,.T.);
#2057 = PLANE('',#2058);
#2058 = AXIS2_PLACEMENT_3D('',#2059,#2060,#2061);
#2059 = CARTESIAN_POINT('',(60.,45.,0.));
#2060 = DIRECTION('',(1.,0.,0.));
#2061 = DIRECTION('',(0.,0.,1.));
#2062 = ADVANCED_FACE('',(#2063),#2066,.F.);
#2063 = FACE_BOUND('',#2064,.T.);
#2064 = EDGE_LOOP('',(#2065));
#2065 = ORIENTED_EDGE('',*,*,#2041,.F.);
#2066 = PLANE('',#2067);
#2067 = AXIS2_PLACEMENT_3D('',#2068,#2069,#2070);
#2068 = CARTESIAN_POINT('',(0.,45.,0.));
#2069 = DIRECTION('',(1.,0.,0.));
#2070 = DIRECTION('',(0.,0.,1.));
#2071 = MANIFOLD_SOLID_BREP('',#2072);
#2072 = CLOSED_SHELL('',(#2073,#2106,#2115));
#2073 = ADVANCED_FACE('',(#2074),#2101,.T.);
#2074 = FACE_BOUND('',#2075,.T.);
#2075 = EDGE_LOOP('',(#2076,#2085,#2093,#2100));
#2076 = ORIENTED_EDGE('',*,*,#2077,.F.);
#2077 = EDGE_CURVE('',#2078,#2078,#2080,.T.);
#2078 = VERTEX_POINT('',#2079);
#2079 = CARTESIAN_POINT('',(-1.836970198721E-16,45.,0.75));
#2080 = CIRCLE('',#2081,0.75);
#2081 = AXIS2_PLACEMENT_3D('',#2082,#2083,#2084);
#2082 = CARTESIAN_POINT('',(0.,45.,0.));
#2083 = DIRECTION('',(0.,1.,0.));
#2084 = DIRECTION('',(0.,0.,1.));
#2085 = ORIENTED_EDGE('',*,*,#2086,.F.);
#2086 = EDGE_CURVE('',#2087,#2078,#2089,.T.);
#2087 = VERTEX_POINT('',#2088);
#2088 = CARTESIAN_POINT('',(-1.836970198721E-16,0.,0.75));
#2089 = LINE('',#2090,#2091);
#2090 = CARTESIAN_POINT('',(-1.836970198721E-16,0.,0.75));
#2091 = VECTOR('',#2092,1.);
#2092 = DIRECTION('',(0.,1.,0.));
#2093 = ORIENTED_EDGE('',*,*,#2094,.T.);
#2094 = EDGE_CURVE('',#2087,#2087,#2095,.T.);
#2095 = CIRCLE('',#2096,0.75);
#2096 = AXIS2_PLACEMENT_3D('',#2097,#2098,#2099);
#2097 = CARTESIAN_POINT('',(0.,0.,0.));
#2098 = DIRECTION('',(0.,1.,0.));
#2099 = DIRECTION('',(0.,0.,1.));
#2100 = ORIENTED_EDGE('',*,*,#2086,.T.);
#2101 = CYLINDRICAL_SURFACE('',#2102,0.75);
#2102 = AXIS2_PLACEMENT_3D('',#2103,#2104,#2105);
#2103 = CARTESIAN_POINT('',(0.,0.,0.));
#2104 = DIRECTION('',(0.,1.,0.));
#2105 = DIRECTION('',(0.,0.,1.));
#2106 = ADVANCED_FACE('',(#2107),#2110,.T.);
#2107 = FACE_BOUND('',#2108,.T.);
#2108 = EDGE_LOOP('',(#2109));
#2109 = ORIENTED_EDGE('',*,*,#2077,.T.);
#2110 = PLANE('',#2111);
#2111 = AXIS2_PLACEMENT_3D('',#2112,#2113,#2114);
#2112 = CARTESIAN_POINT('',(0.,45.,0.));
#2113 = DIRECTION('',(0.,1.,0.));
#2114 = DIRECTION('',(0.,0.,1.));
#2115 = ADVANCED_FACE('',(#2116),#2119,.F.);
#2116 = FACE_BOUND('',#2117,.T.);
#2117 = EDGE_LOOP('',(#2118));
#2118 = ORIENTED_EDGE('',*,*,#2094,.F.);
#2119 = PLANE('',#2120);
#2120 = AXIS2_PLACEMENT_3D('',#2121,#2122,#2123);
#2121 = CARTESIAN_POINT('',(0.,0.,0.));
#2122 = DIRECTION('',(0.,1.,0.));
#2123 = DIRECTION('',(0.,0.,1.));
#2124 = MANIFOLD_SOLID_BREP('',#2125);
#2125 = CLOSED_SHELL('',(#2126,#2159,#2168));
#2126 = ADVANCED_FACE('',(#2127),#2154,.T.);
#2127 = FACE_BOUND('',#2128,.T.);
#2128 = EDGE_LOOP('',(#2129,#2138,#2146,#2153));
#2129 = ORIENTED_EDGE('',*,*,#2130,.F.);
#2130 = EDGE_CURVE('',#2131,#2131,#2133,.T.);
#2131 = VERTEX_POINT('',#2132);
#2132 = CARTESIAN_POINT('',(60.,45.,0.75));
#2133 = CIRCLE('',#2134,0.75);
#2134 = AXIS2_PLACEMENT_3D('',#2135,#2136,#2137);
#2135 = CARTESIAN_POINT('',(60.,45.,0.));
#2136 = DIRECTION('',(0.,1.,0.));
#2137 = DIRECTION('',(0.,0.,1.));
#2138 = ORIENTED_EDGE('',*,*,#2139,.F.);
#2139 = EDGE_CURVE('',#2140,#2131,#2142,.T.);
#2140 = VERTEX_POINT('',#2141);
#2141 = CARTESIAN_POINT('',(60.,0.,0.75));
#2142 = LINE('',#2143,#2144);
#2143 = CARTESIAN_POINT('',(60.,0.,0.75));
#2144 = VECTOR('',#2145,1.);
#2145 = DIRECTION('',(0.,1.,0.));
#2146 = ORIENTED_EDGE('',*,*,#2147,.T.);
#2147 = EDGE_CURVE('',#2140,#2140,#2148,.T.);
#2148 = CIRCLE('',#2149,0.75);
#2149 = AXIS2_PLACEMENT_3D('',#2150,#2151,#2152);
#2150 = CARTESIAN_POINT('',(60.,0.,0.));
#2151 = DIRECTION('',(0.,1.,0.));
#2152 = DIRECTION('',(0.,0.,1.));
#2153 = ORIENTED_EDGE('',*,*,#2139,.T.);
#2154 = CYLINDRICAL_SURFACE('',#2155,0.75);
#2155 = AXIS2_PLACEMENT_3D('',#2156,#2157,#2158);
#2156 = CARTESIAN_POINT('',(60.,0.,0.));
#2157 = DIRECTION('',(0.,1.,0.));
#2158 = DIRECTION('',(0.,0.,1.));
#2159 = ADVANCED_FACE('',(#2160),#2163,.T.);
#2160 = FACE_BOUND('',#2161,.T.);
#2161 = EDGE_LOOP('',(#2162));
#2162 = ORIENTED_EDGE('',*,*,#2130,.T.);
#2163 = PLANE('',#2164);
#2164 = AXIS2_PLACEMENT_3D('',#2165,#2166,#2167);
#2165 = CARTESIAN_POINT('',(60.,45.,0.));
#2166 = DIRECTION('',(0.,1.,0.));
#2167 = DIRECTION('',(0.,0.,1.));
#2168 = ADVANCED_FACE('',(#2169),#2172,.F.);
#2169 = FACE_BOUND('',#2170,.T.);
#2170 = EDGE_LOOP('',(#2171));
#2171 = ORIENTED_EDGE('',*,*,#2147,.F.);
#2172 = PLANE('',#2173);
#2173 = AXIS2_PLACEMENT_3D('',#2174,#2175,#2176);
#2174 = CARTESIAN_POINT('',(60.,0.,0.));
#2175 = DIRECTION('',(0.,1.,0.));
#2176 = DIRECTION('',(0.,0.,1.));
#2177 = MANIFOLD_SOLID_BREP('',#2178);
#2178 = CLOSED_SHELL('',(#2179,#2212,#2221));
#2179 = ADVANCED_FACE('',(#2180),#2207,.T.);
#2180 = FACE_BOUND('',#2181,.T.);
#2181 = EDGE_LOOP('',(#2182,#2191,#2199,#2206));
#2182 = ORIENTED_EDGE('',*,*,#2183,.F.);
#2183 = EDGE_CURVE('',#2184,#2184,#2186,.T.);
#2184 = VERTEX_POINT('',#2185);
#2185 = CARTESIAN_POINT('',(60.,1.836970198721E-16,33.75));
#2186 = CIRCLE('',#2187,0.75);
#2187 = AXIS2_PLACEMENT_3D('',#2188,#2189,#2190);
#2188 = CARTESIAN_POINT('',(60.,0.,33.));
#2189 = DIRECTION('',(1.,0.,-0.));
#2190 = DIRECTION('',(0.,0.,1.));
#2191 = ORIENTED_EDGE('',*,*,#2192,.F.);
#2192 = EDGE_CURVE('',#2193,#2184,#2195,.T.);
#2193 = VERTEX_POINT('',#2194);
#2194 = CARTESIAN_POINT('',(0.,1.836970198721E-16,33.75));
#2195 = LINE('',#2196,#2197);
#2196 = CARTESIAN_POINT('',(0.,1.836970198721E-16,33.75));
#2197 = VECTOR('',#2198,1.);
#2198 = DIRECTION('',(1.,0.,0.));
#2199 = ORIENTED_EDGE('',*,*,#2200,.T.);
#2200 = EDGE_CURVE('',#2193,#2193,#2201,.T.);
#2201 = CIRCLE('',#2202,0.75);
#2202 = AXIS2_PLACEMENT_3D('',#2203,#2204,#2205);
#2203 = CARTESIAN_POINT('',(0.,0.,33.));
#2204 = DIRECTION('',(1.,0.,-0.));
#2205 = DIRECTION('',(0.,0.,1.));
#2206 = ORIENTED_EDGE('',*,*,#2192,.T.);
#2207 = CYLINDRICAL_SURFACE('',#2208,0.75);
#2208 = AXIS2_PLACEMENT_3D('',#2209,#2210,#2211);
#2209 = CARTESIAN_POINT('',(0.,0.,33.));
#2210 = DIRECTION('',(1.,0.,0.));
#2211 = DIRECTION('',(0.,0.,1.));
#2212 = ADVANCED_FACE('',(#2213),#2216,.T.);
#2213 = FACE_BOUND('',#2214,.T.);
#2214 = EDGE_LOOP('',(#2215));
#2215 = ORIENTED_EDGE('',*,*,#2183,.T.);
#2216 = PLANE('',#2217);
#2217 = AXIS2_PLACEMENT_3D('',#2218,#2219,#2220);
#2218 = CARTESIAN_POINT('',(60.,0.,33.));
#2219 = DIRECTION('',(1.,0.,0.));
#2220 = DIRECTION('',(0.,0.,1.));
#2221 = ADVANCED_FACE('',(#2222),#2225,.F.);
#2222 = FACE_BOUND('',#2223,.T.);
#2223 = EDGE_LOOP('',(#2224));
#2224 = ORIENTED_EDGE('',*,*,#2200,.F.);
#2225 = PLANE('',#2226);
#2226 = AXIS2_PLACEMENT_3D('',#2227,#2228,#2229);
#2227 = CARTESIAN_POINT('',(0.,0.,33.));
#2228 = DIRECTION('',(1.,0.,0.));
#2229 = DIRECTION('',(0.,0.,1.));
#2230 = MANIFOLD_SOLID_BREP('',#2231);
#2231 = CLOSED_SHELL('',(#2232,#2265,#2274));
#2232 = ADVANCED_FACE('',(#2233),#2260,.T.);
#2233 = FACE_BOUND('',#2234,.T.);
#2234 = EDGE_LOOP('',(#2235,#2244,#2252,#2259));
#2235 = ORIENTED_EDGE('',*,*,#2236,.F.);
#2236 = EDGE_CURVE('',#2237,#2237,#2239,.T.);
#2237 = VERTEX_POINT('',#2238);
#2238 = CARTESIAN_POINT('',(60.,45.,33.75));
#2239 = CIRCLE('',#2240,0.75);
#2240 = AXIS2_PLACEMENT_3D('',#2241,#2242,#2243);
#2241 = CARTESIAN_POINT('',(60.,45.,33.));
#2242 = DIRECTION('',(1.,0.,-0.));
#2243 = DIRECTION('',(0.,0.,1.));
#2244 = ORIENTED_EDGE('',*,*,#2245,.F.);
#2245 = EDGE_CURVE('',#2246,#2237,#2248,.T.);
#2246 = VERTEX_POINT('',#2247);
#2247 = CARTESIAN_POINT('',(0.,45.,33.75));
#2248 = LINE('',#2249,#2250);
#2249 = CARTESIAN_POINT('',(0.,45.,33.75));
#2250 = VECTOR('',#2251,1.);
#2251 = DIRECTION('',(1.,0.,0.));
#2252 = ORIENTED_EDGE('',*,*,#2253,.T.);
#2253 = EDGE_CURVE('',#2246,#2246,#2254,.T.);
#2254 = CIRCLE('',#2255,0.75);
#2255 = AXIS2_PLACEMENT_3D('',#2256,#2257,#2258);
#2256 = CARTESIAN_POINT('',(0.,45.,33.));
#2257 = DIRECTION('',(1.,0.,-0.));
#2258 = DIRECTION('',(0.,0.,1.));
#2259 = ORIENTED_EDGE('',*,*,#2245,.T.);
#2260 = CYLINDRICAL_SURFACE('',#2261,0.75);
#2261 = AXIS2_PLACEMENT_3D('',#2262,#2263,#2264);
#2262 = CARTESIAN_POINT('',(0.,45.,33.));
#2263 = DIRECTION('',(1.,0.,0.));
#2264 = DIRECTION('',(0.,0.,1.));
#2265 = ADVANCED_FACE('',(#2266),#2269,.T.);
#2266 = FACE_BOUND('',#2267,.T.);
#2267 = EDGE_LOOP('',(#2268));
#2268 = ORIENTED_EDGE('',*,*,#2236,.T.);
#2269 = PLANE('',#2270);
#2270 = AXIS2_PLACEMENT_3D('',#2271,#2272,#2273);
#2271 = CARTESIAN_POINT('',(60.,45.,33.));
#2272 = DIRECTION('',(1.,0.,0.));
#2273 = DIRECTION('',(0.,0.,1.));
#2274 = ADVANCED_FACE('',(#2275),#2278,.F.);
#2275 = FACE_BOUND('',#2276,.T.);
#2276 = EDGE_LOOP('',(#2277));
#2277 = ORIENTED_EDGE('',*,*,#2253,.F.);
#2278 = PLANE('',#2279);
#2279 = AXIS2_PLACEMENT_3D('',#2280,#2281,#2282);
#2280 = CARTESIAN_POINT('',(0.,45.,33.));
#2281 = DIRECTION('',(1.,0.,0.));
#2282 = DIRECTION('',(0.,0.,1.));
#2283 = MANIFOLD_SOLID_BREP('',#2284);
#2284 = CLOSED_SHELL('',(#2285,#2318,#2327));
#2285 = ADVANCED_FACE('',(#2286),#2313,.T.);
#2286 = FACE_BOUND('',#2287,.T.);
#2287 = EDGE_LOOP('',(#2288,#2297,#2305,#2312));
#2288 = ORIENTED_EDGE('',*,*,#2289,.F.);
#2289 = EDGE_CURVE('',#2290,#2290,#2292,.T.);
#2290 = VERTEX_POINT('',#2291);
#2291 = CARTESIAN_POINT('',(-1.836970198721E-16,45.,33.75));
#2292 = CIRCLE('',#2293,0.75);
#2293 = AXIS2_PLACEMENT_3D('',#2294,#2295,#2296);
#2294 = CARTESIAN_POINT('',(0.,45.,33.));
#2295 = DIRECTION('',(0.,1.,0.));
#2296 = DIRECTION('',(0.,0.,1.));
#2297 = ORIENTED_EDGE('',*,*,#2298,.F.);
#2298 = EDGE_CURVE('',#2299,#2290,#2301,.T.);
#2299 = VERTEX_POINT('',#2300);
#2300 = CARTESIAN_POINT('',(-1.836970198721E-16,0.,33.75));
#2301 = LINE('',#2302,#2303);
#2302 = CARTESIAN_POINT('',(-1.836970198721E-16,0.,33.75));
#2303 = VECTOR('',#2304,1.);
#2304 = DIRECTION('',(0.,1.,0.));
#2305 = ORIENTED_EDGE('',*,*,#2306,.T.);
#2306 = EDGE_CURVE('',#2299,#2299,#2307,.T.);
#2307 = CIRCLE('',#2308,0.75);
#2308 = AXIS2_PLACEMENT_3D('',#2309,#2310,#2311);
#2309 = CARTESIAN_POINT('',(0.,0.,33.));
#2310 = DIRECTION('',(0.,1.,0.));
#2311 = DIRECTION('',(0.,0.,1.));
#2312 = ORIENTED_EDGE('',*,*,#2298,.T.);
#2313 = CYLINDRICAL_SURFACE('',#2314,0.75);
#2314 = AXIS2_PLACEMENT_3D('',#2315,#2316,#2317);
#2315 = CARTESIAN_POINT('',(0.,0.,33.));
#2316 = DIRECTION('',(0.,1.,0.));
#2317 = DIRECTION('',(0.,0.,1.));
#2318 = ADVANCED_FACE('',(#2319),#2322,.T.);
#2319 = FACE_BOUND('',#2320,.T.);
#2320 = EDGE_LOOP('',(#2321));
#2321 = ORIENTED_EDGE('',*,*,#2289,.T.);
#2322 = PLANE('',#2323);
#2323 = AXIS2_PLACEMENT_3D('',#2324,#2325,#2326);
#2324 = CARTESIAN_POINT('',(0.,45.,33.));
#2325 = DIRECTION('',(0.,1.,0.));
#2326 = DIRECTION('',(0.,0.,1.));
#2327 = ADVANCED_FACE('',(#2328),#2331,.F.);
#2328 = FACE_BOUND('',#2329,.T.);
#2329 = EDGE_LOOP('',(#2330));
#2330 = ORIENTED_EDGE('',*,*,#2306,.F.);
#2331 = PLANE('',#2332);
#2332 = AXIS2_PLACEMENT_3D('',#2333,#2334,#2335);
#2333 = CARTESIAN_POINT('',(0.,0.,33.));
#2334 = DIRECTION('',(0.,1.,0.));
#2335 = DIRECTION('',(0.,0.,1.));
#2336 = MANIFOLD_SOLID_BREP('',#2337);
#2337 = CLOSED_SHELL('',(#2338,#2371,#2380));
#2338 = ADVANCED_FACE('',(#2339),#2366,.T.);
#2339 = FACE_BOUND('',#2340,.T.);
#2340 = EDGE_LOOP('',(#2341,#2350,#2358,#2365));
#2341 = ORIENTED_EDGE('',*,*,#2342,.F.);
#2342 = EDGE_CURVE('',#2343,#2343,#2345,.T.);
#2343 = VERTEX_POINT('',#2344);
#2344 = CARTESIAN_POINT('',(60.,45.,33.75));
#2345 = CIRCLE('',#2346,0.75);
#2346 = AXIS2_PLACEMENT_3D('',#2347,#2348,#2349);
#2347 = CARTESIAN_POINT('',(60.,45.,33.));
#2348 = DIRECTION('',(0.,1.,0.));
#2349 = DIRECTION('',(0.,0.,1.));
#2350 = ORIENTED_EDGE('',*,*,#2351,.F.);
#2351 = EDGE_CURVE('',#2352,#2343,#2354,.T.);
#2352 = VERTEX_POINT('',#2353);
#2353 = CARTESIAN_POINT('',(60.,0.,33.75));
#2354 = LINE('',#2355,#2356);
#2355 = CARTESIAN_POINT('',(60.,0.,33.75));
#2356 = VECTOR('',#2357,1.);
#2357 = DIRECTION('',(0.,1.,0.));
#2358 = ORIENTED_EDGE('',*,*,#2359,.T.);
#2359 = EDGE_CURVE('',#2352,#2352,#2360,.T.);
#2360 = CIRCLE('',#2361,0.75);
#2361 = AXIS2_PLACEMENT_3D('',#2362,#2363,#2364);
#2362 = CARTESIAN_POINT('',(60.,0.,33.));
#2363 = DIRECTION('',(0.,1.,0.));
#2364 = DIRECTION('',(0.,0.,1.));
#2365 = ORIENTED_EDGE('',*,*,#2351,.T.);
#2366 = CYLINDRICAL_SURFACE('',#2367,0.75);
#2367 = AXIS2_PLACEMENT_3D('',#2368,#2369,#2370);
#2368 = CARTESIAN_POINT('',(60.,0.,33.));
#2369 = DIRECTION('',(0.,1.,0.));
#2370 = DIRECTION('',(0.,0.,1.));
#2371 = ADVANCED_FACE('',(#2372),#2375,.T.);
#2372 = FACE_BOUND('',#2373,.T.);
#2373 = EDGE_LOOP('',(#2374));
#2374 = ORIENTED_EDGE('',*,*,#2342,.T.);
#2375 = PLANE('',#2376);
#2376 = AXIS2_PLACEMENT_3D('',#2377,#2378,#2379);
#2377 = CARTESIAN_POINT('',(60.,45.,33.));
#2378 = DIRECTION('',(0.,1.,0.));
#2379 = DIRECTION('',(0.,0.,1.));
#2380 = ADVANCED_FACE('',(#2381),#2384,.F.);
#2381 = FACE_BOUND('',#2382,.T.);
#2382 = EDGE_LOOP('',(#2383));
#2383 = ORIENTED_EDGE('',*,*,#2359,.F.);
#2384 = PLANE('',#2385);
#2385 = AXIS2_PLACEMENT_3D('',#2386,#2387,#2388);
#2386 = CARTESIAN_POINT('',(60.,0.,33.));
#2387 = DIRECTION('',(0.,1.,0.));
#2388 = DIRECTION('',(0.,0.,1.));
#2389 = MANIFOLD_SOLID_BREP('',#2390);
#2390 = CLOSED_SHELL('',(#2391,#2424,#2433));
#2391 = ADVANCED_FACE('',(#2392),#2419,.T.);
#2392 = FACE_BOUND('',#2393,.T.);
#2393 = EDGE_LOOP('',(#2394,#2403,#2411,#2418));
#2394 = ORIENTED_EDGE('',*,*,#2395,.F.);
#2395 = EDGE_CURVE('',#2396,#2396,#2398,.T.);
#2396 = VERTEX_POINT('',#2397);
#2397 = CARTESIAN_POINT('',(0.75,-1.836970198721E-16,33.));
#2398 = CIRCLE('',#2399,0.75);
#2399 = AXIS2_PLACEMENT_3D('',#2400,#2401,#2402);
#2400 = CARTESIAN_POINT('',(0.,0.,33.));
#2401 = DIRECTION('',(0.,0.,1.));
#2402 = DIRECTION('',(1.,0.,0.));
#2403 = ORIENTED_EDGE('',*,*,#2404,.F.);
#2404 = EDGE_CURVE('',#2405,#2396,#2407,.T.);
#2405 = VERTEX_POINT('',#2406);
#2406 = CARTESIAN_POINT('',(0.75,-1.836970198721E-16,0.));
#2407 = LINE('',#2408,#2409);
#2408 = CARTESIAN_POINT('',(0.75,-1.836970198721E-16,0.));
#2409 = VECTOR('',#2410,1.);
#2410 = DIRECTION('',(0.,0.,1.));
#2411 = ORIENTED_EDGE('',*,*,#2412,.T.);
#2412 = EDGE_CURVE('',#2405,#2405,#2413,.T.);
#2413 = CIRCLE('',#2414,0.75);
#2414 = AXIS2_PLACEMENT_3D('',#2415,#2416,#2417);
#2415 = CARTESIAN_POINT('',(0.,0.,0.));
#2416 = DIRECTION('',(0.,0.,1.));
#2417 = DIRECTION('',(1.,0.,0.));
#2418 = ORIENTED_EDGE('',*,*,#2404,.T.);
#2419 = CYLINDRICAL_SURFACE('',#2420,0.75);
#2420 = AXIS2_PLACEMENT_3D('',#2421,#2422,#2423);
#2421 = CARTESIAN_POINT('',(0.,0.,0.));
#2422 = DIRECTION('',(0.,0.,1.));
#2423 = DIRECTION('',(1.,0.,0.));
#2424 = ADVANCED_FACE('',(#2425),#2428,.T.);
#2425 = FACE_BOUND('',#2426,.T.);
#2426 = EDGE_LOOP('',(#2427));
#2427 = ORIENTED_EDGE('',*,*,#2395,.T.);
#2428 = PLANE('',#2429);
#2429 = AXIS2_PLACEMENT_3D('',#2430,#2431,#2432);
#2430 = CARTESIAN_POINT('',(0.,0.,33.));
#2431 = DIRECTION('',(0.,0.,1.));
#2432 = DIRECTION('',(1.,0.,0.));
#2433 = ADVANCED_FACE('',(#2434),#2437,.F.);
#2434 = FACE_BOUND('',#2435,.T.);
#2435 = EDGE_LOOP('',(#2436));
#2436 = ORIENTED_EDGE('',*,*,#2412,.F.);
#2437 = PLANE('',#2438);
#2438 = AXIS2_PLACEMENT_3D('',#2439,#2440,#2441);
#2439 = CARTESIAN_POINT('',(0.,0.,0.));
#2440 = DIRECTION('',(0.,0.,1.));
#2441 = DIRECTION('',(1.,0.,0.));
#2442 = MANIFOLD_SOLID_BREP('',#2443);
#2443 = CLOSED_SHELL('',(#2444,#2477,#2486));
#2444 = ADVANCED_FACE('',(#2445),#2472,.T.);
#2445 = FACE_BOUND('',#2446,.T.);
#2446 = EDGE_LOOP('',(#2447,#2456,#2464,#2471));
#2447 = ORIENTED_EDGE('',*,*,#2448,.F.);
#2448 = EDGE_CURVE('',#2449,#2449,#2451,.T.);
#2449 = VERTEX_POINT('',#2450);
#2450 = CARTESIAN_POINT('',(60.75,-1.836970198721E-16,33.));
#2451 = CIRCLE('',#2452,0.75);
#2452 = AXIS2_PLACEMENT_3D('',#2453,#2454,#2455);
#2453 = CARTESIAN_POINT('',(60.,0.,33.));
#2454 = DIRECTION('',(0.,0.,1.));
#2455 = DIRECTION('',(1.,0.,0.));
#2456 = ORIENTED_EDGE('',*,*,#2457,.F.);
#2457 = EDGE_CURVE('',#2458,#2449,#2460,.T.);
#2458 = VERTEX_POINT('',#2459);
#2459 = CARTESIAN_POINT('',(60.75,-1.836970198721E-16,0.));
#2460 = LINE('',#2461,#2462);
#2461 = CARTESIAN_POINT('',(60.75,-1.836970198721E-16,0.));
#2462 = VECTOR('',#2463,1.);
#2463 = DIRECTION('',(0.,0.,1.));
#2464 = ORIENTED_EDGE('',*,*,#2465,.T.);
#2465 = EDGE_CURVE('',#2458,#2458,#2466,.T.);
#2466 = CIRCLE('',#2467,0.75);
#2467 = AXIS2_PLACEMENT_3D('',#2468,#2469,#2470);
#2468 = CARTESIAN_POINT('',(60.,0.,0.));
#2469 = DIRECTION('',(0.,0.,1.));
#2470 = DIRECTION('',(1.,0.,0.));
#2471 = ORIENTED_EDGE('',*,*,#2457,.T.);
#2472 = CYLINDRICAL_SURFACE('',#2473,0.75);
#2473 = AXIS2_PLACEMENT_3D('',#2474,#2475,#2476);
#2474 = CARTESIAN_POINT('',(60.,0.,0.));
#2475 = DIRECTION('',(0.,0.,1.));
#2476 = DIRECTION('',(1.,0.,0.));
#2477 = ADVANCED_FACE('',(#2478),#2481,.T.);
#2478 = FACE_BOUND('',#2479,.T.);
#2479 = EDGE_LOOP('',(#2480));
#2480 = ORIENTED_EDGE('',*,*,#2448,.T.);
#2481 = PLANE('',#2482);
#2482 = AXIS2_PLACEMENT_3D('',#2483,#2484,#2485);
#2483 = CARTESIAN_POINT('',(60.,0.,33.));
#2484 = DIRECTION('',(0.,0.,1.));
#2485 = DIRECTION('',(1.,0.,0.));
#2486 = ADVANCED_FACE('',(#2487),#2490,.F.);
#2487 = FACE_BOUND('',#2488,.T.);
#2488 = EDGE_LOOP('',(#2489));
#2489 = ORIENTED_EDGE('',*,*,#2465,.F.);
#2490 = PLANE('',#2491);
#2491 = AXIS2_PLACEMENT_3D('',#2492,#2493,#2494);
#2492 = CARTESIAN_POINT('',(60.,0.,0.));
#2493 = DIRECTION('',(0.,0.,1.));
#2494 = DIRECTION('',(1.,0.,0.));
#2495 = MANIFOLD_SOLID_BREP('',#2496);
#2496 = CLOSED_SHELL('',(#2497,#2530,#2539));
#2497 = ADVANCED_FACE('',(#2498),#2525,.T.);
#2498 = FACE_BOUND('',#2499,.T.);
#2499 = EDGE_LOOP('',(#2500,#2509,#2517,#2524));
#2500 = ORIENTED_EDGE('',*,*,#2501,.F.);
#2501 = EDGE_CURVE('',#2502,#2502,#2504,.T.);
#2502 = VERTEX_POINT('',#2503);
#2503 = CARTESIAN_POINT('',(0.75,45.,33.));
#2504 = CIRCLE('',#2505,0.75);
#2505 = AXIS2_PLACEMENT_3D('',#2506,#2507,#2508);
#2506 = CARTESIAN_POINT('',(0.,45.,33.));
#2507 = DIRECTION('',(0.,0.,1.));
#2508 = DIRECTION('',(1.,0.,0.));
#2509 = ORIENTED_EDGE('',*,*,#2510,.F.);
#2510 = EDGE_CURVE('',#2511,#2502,#2513,.T.);
#2511 = VERTEX_POINT('',#2512);
#2512 = CARTESIAN_POINT('',(0.75,45.,0.));
#2513 = LINE('',#2514,#2515);
#2514 = CARTESIAN_POINT('',(0.75,45.,0.));
#2515 = VECTOR('',#2516,1.);
#2516 = DIRECTION('',(0.,0.,1.));
#2517 = ORIENTED_EDGE('',*,*,#2518,.T.);
#2518 = EDGE_CURVE('',#2511,#2511,#2519,.T.);
#2519 = CIRCLE('',#2520,0.75);
#2520 = AXIS2_PLACEMENT_3D('',#2521,#2522,#2523);
#2521 = CARTESIAN_POINT('',(0.,45.,0.));
#2522 = DIRECTION('',(0.,0.,1.));
#2523 = DIRECTION('',(1.,0.,0.));
#2524 = ORIENTED_EDGE('',*,*,#2510,.T.);
#2525 = CYLINDRICAL_SURFACE('',#2526,0.75);
#2526 = AXIS2_PLACEMENT_3D('',#2527,#2528,#2529);
#2527 = CARTESIAN_POINT('',(0.,45.,0.));
#2528 = DIRECTION('',(0.,0.,1.));
#2529 = DIRECTION('',(1.,0.,0.));
#2530 = ADVANCED_FACE('',(#2531),#2534,.T.);
#2531 = FACE_BOUND('',#2532,.T.);
#2532 = EDGE_LOOP('',(#2533));
#2533 = ORIENTED_EDGE('',*,*,#2501,.T.);
#2534 = PLANE('',#2535);
#2535 = AXIS2_PLACEMENT_3D('',#2536,#2537,#2538);
#2536 = CARTESIAN_POINT('',(0.,45.,33.));
#2537 = DIRECTION('',(0.,0.,1.));
#2538 = DIRECTION('',(1.,0.,0.));
#2539 = ADVANCED_FACE('',(#2540),#2543,.F.);
#2540 = FACE_BOUND('',#2541,.T.);
#2541 = EDGE_LOOP('',(#2542));
#2542 = ORIENTED_EDGE('',*,*,#2518,.F.);
#2543 = PLANE('',#2544);
#2544 = AXIS2_PLACEMENT_3D('',#2545,#2546,#2547);
#2545 = CARTESIAN_POINT('',(0.,45.,0.));
#2546 = DIRECTION('',(0.,0.,1.));
#2547 = DIRECTION('',(1.,0.,0.));
#2548 = MANIFOLD_SOLID_BREP('',#2549);
#2549 = CLOSED_SHELL('',(#2550,#2583,#2592));
#2550 = ADVANCED_FACE('',(#2551),#2578,.T.);
#2551 = FACE_BOUND('',#2552,.T.);
#2552 = EDGE_LOOP('',(#2553,#2562,#2570,#2577));
#2553 = ORIENTED_EDGE('',*,*,#2554,.F.);
#2554 = EDGE_CURVE('',#2555,#2555,#2557,.T.);
#2555 = VERTEX_POINT('',#2556);
#2556 = CARTESIAN_POINT('',(60.75,45.,33.));
#2557 = CIRCLE('',#2558,0.75);
#2558 = AXIS2_PLACEMENT_3D('',#2559,#2560,#2561);
#2559 = CARTESIAN_POINT('',(60.,45.,33.));
#2560 = DIRECTION('',(0.,0.,1.));
#2561 = DIRECTION('',(1.,0.,0.));
#2562 = ORIENTED_EDGE('',*,*,#2563,.F.);
#2563 = EDGE_CURVE('',#2564,#2555,#2566,.T.);
#2564 = VERTEX_POINT('',#2565);
#2565 = CARTESIAN_POINT('',(60.75,45.,0.));
#2566 = LINE('',#2567,#2568);
#2567 = CARTESIAN_POINT('',(60.75,45.,0.));
#2568 = VECTOR('',#2569,1.);
#2569 = DIRECTION('',(0.,0.,1.));
#2570 = ORIENTED_EDGE('',*,*,#2571,.T.);
#2571 = EDGE_CURVE('',#2564,#2564,#2572,.T.);
#2572 = CIRCLE('',#2573,0.75);
#2573 = AXIS2_PLACEMENT_3D('',#2574,#2575,#2576);
#2574 = CARTESIAN_POINT('',(60.,45.,0.));
#2575 = DIRECTION('',(0.,0.,1.));
#2576 = DIRECTION('',(1.,0.,0.));
#2577 = ORIENTED_EDGE('',*,*,#2563,.T.);
#2578 = CYLINDRICAL_SURFACE('',#2579,0.75);
#2579 = AXIS2_PLACEMENT_3D('',#2580,#2581,#2582);
#2580 = CARTESIAN_POINT('',(60.,45.,0.));
#2581 = DIRECTION('',(0.,0.,1.));
#2582 = DIRECTION('',(1.,0.,0.));
#2583 = ADVANCED_FACE('',(#2584),#2587,.T.);
#2584 = FACE_BOUND('',#2585,.T.);
#2585 = EDGE_LOOP('',(#2586));
#2586 = ORIENTED_EDGE('',*,*,#2554,.T.);
#2587 = PLANE('',#2588);
#2588 = AXIS2_PLACEMENT_3D('',#2589,#2590,#2591);
#2589 = CARTESIAN_POINT('',(60.,45.,33.));
#2590 = DIRECTION('',(0.,0.,1.));
#2591 = DIRECTION('',(1.,0.,0.));
#2592 = ADVANCED_FACE('',(#2593),#2596,.F.);
#2593 = FACE_BOUND('',#2594,.T.);
#2594 = EDGE_LOOP('',(#2595));
#2595 = ORIENTED_EDGE('',*,*,#2571,.F.);
#2596 = PLANE('',#2597);
#2597 = AXIS2_PLACEMENT_3D('',#2598,#2599,#2600);
#2598 = CARTESIAN_POINT('',(60.,45.,0.));
#2599 = DIRECTION('',(0.,0.,1.));
#2600 = DIRECTION('',(1.,0.,0.));
#2601 = MANIFOLD_SOLID_BREP('',#2602);
#2602 = CLOSED_SHELL('',(#2603,#2643,#2683,#2705,#2727,#2739));
#2603 = ADVANCED_FACE('',(#2604),#2638,.F.);
#2604 = FACE_BOUND('',#2605,.F.);
#2605 = EDGE_LOOP('',(#2606,#2616,#2624,#2632));
#2606 = ORIENTED_EDGE('',*,*,#2607,.F.);
#2607 = EDGE_CURVE('',#2608,#2610,#2612,.T.);
#2608 = VERTEX_POINT('',#2609);
#2609 = CARTESIAN_POINT('',(61.,11.,11.));
#2610 = VERTEX_POINT('',#2611);
#2611 = CARTESIAN_POINT('',(61.,11.,45.));
#2612 = LINE('',#2613,#2614);
#2613 = CARTESIAN_POINT('',(61.,11.,11.));
#2614 = VECTOR('',#2615,1.);
#2615 = DIRECTION('',(0.,0.,1.));
#2616 = ORIENTED_EDGE('',*,*,#2617,.T.);
#2617 = EDGE_CURVE('',#2608,#2618,#2620,.T.);
#2618 = VERTEX_POINT('',#2619);
#2619 = CARTESIAN_POINT('',(61.,59.,11.));
#2620 = LINE('',#2621,#2622);
#2621 = CARTESIAN_POINT('',(61.,11.,11.));
#2622 = VECTOR('',#2623,1.);
#2623 = DIRECTION('',(0.,1.,0.));
#2624 = ORIENTED_EDGE('',*,*,#2625,.T.);
#2625 = EDGE_CURVE('',#2618,#2626,#2628,.T.);
#2626 = VERTEX_POINT('',#2627);
#2627 = CARTESIAN_POINT('',(61.,59.,45.));
#2628 = LINE('',#2629,#2630);
#2629 = CARTESIAN_POINT('',(61.,59.,11.));
#2630 = VECTOR('',#2631,1.);
#2631 = DIRECTION('',(0.,0.,1.));
#2632 = ORIENTED_EDGE('',*,*,#2633,.F.);
#2633 = EDGE_CURVE('',#2610,#2626,#2634,.T.);
#2634 = LINE('',#2635,#2636);
#2635 = CARTESIAN_POINT('',(61.,11.,45.));
#2636 = VECTOR('',#2637,1.);
#2637 = DIRECTION('',(0.,1.,0.));
#2638 = PLANE('',#2639);
#2639 = AXIS2_PLACEMENT_3D('',#2640,#2641,#2642);
#2640 = CARTESIAN_POINT('',(61.,11.,11.));
#2641 = DIRECTION('',(1.,0.,0.));
#2642 = DIRECTION('',(0.,0.,1.));
#2643 = ADVANCED_FACE('',(#2644),#2678,.T.);
#2644 = FACE_BOUND('',#2645,.T.);
#2645 = EDGE_LOOP('',(#2646,#2656,#2664,#2672));
#2646 = ORIENTED_EDGE('',*,*,#2647,.F.);
#2647 = EDGE_CURVE('',#2648,#2650,#2652,.T.);
#2648 = VERTEX_POINT('',#2649);
#2649 = CARTESIAN_POINT('',(97.,11.,11.));
#2650 = VERTEX_POINT('',#2651);
#2651 = CARTESIAN_POINT('',(97.,11.,45.));
#2652 = LINE('',#2653,#2654);
#2653 = CARTESIAN_POINT('',(97.,11.,11.));
#2654 = VECTOR('',#2655,1.);
#2655 = DIRECTION('',(0.,0.,1.));
#2656 = ORIENTED_EDGE('',*,*,#2657,.T.);
#2657 = EDGE_CURVE('',#2648,#2658,#2660,.T.);
#2658 = VERTEX_POINT('',#2659);
#2659 = CARTESIAN_POINT('',(97.,59.,11.));
#2660 = LINE('',#2661,#2662);
#2661 = CARTESIAN_POINT('',(97.,11.,11.));
#2662 = VECTOR('',#2663,1.);
#2663 = DIRECTION('',(0.,1.,0.));
#2664 = ORIENTED_EDGE('',*,*,#2665,.T.);
#2665 = EDGE_CURVE('',#2658,#2666,#2668,.T.);
#2666 = VERTEX_POINT('',#2667);
#2667 = CARTESIAN_POINT('',(97.,59.,45.));
#2668 = LINE('',#2669,#2670);
#2669 = CARTESIAN_POINT('',(97.,59.,11.));
#2670 = VECTOR('',#2671,1.);
#2671 = DIRECTION('',(0.,0.,1.));
#2672 = ORIENTED_EDGE('',*,*,#2673,.F.);
#2673 = EDGE_CURVE('',#2650,#2666,#2674,.T.);
#2674 = LINE('',#2675,#2676);
#2675 = CARTESIAN_POINT('',(97.,11.,45.));
#2676 = VECTOR('',#2677,1.);
#2677 = DIRECTION('',(0.,1.,0.));
#2678 = PLANE('',#2679);
#2679 = AXIS2_PLACEMENT_3D('',#2680,#2681,#2682);
#2680 = CARTESIAN_POINT('',(97.,11.,11.));
#2681 = DIRECTION('',(1.,0.,0.));
#2682 = DIRECTION('',(0.,0.,1.));
#2683 = ADVANCED_FACE('',(#2684),#2700,.F.);
#2684 = FACE_BOUND('',#2685,.F.);
#2685 = EDGE_LOOP('',(#2686,#2692,#2693,#2699));
#2686 = ORIENTED_EDGE('',*,*,#2687,.F.);
#2687 = EDGE_CURVE('',#2608,#2648,#2688,.T.);
#2688 = LINE('',#2689,#2690);
#2689 = CARTESIAN_POINT('',(61.,11.,11.));
#2690 = VECTOR('',#2691,1.);
#2691 = DIRECTION('',(1.,0.,0.));
#2692 = ORIENTED_EDGE('',*,*,#2607,.T.);
#2693 = ORIENTED_EDGE('',*,*,#2694,.T.);
#2694 = EDGE_CURVE('',#2610,#2650,#2695,.T.);
#2695 = LINE('',#2696,#2697);
#2696 = CARTESIAN_POINT('',(61.,11.,45.));
#2697 = VECTOR('',#2698,1.);
#2698 = DIRECTION('',(1.,0.,0.));
#2699 = ORIENTED_EDGE('',*,*,#2647,.F.);
#2700 = PLANE('',#2701);
#2701 = AXIS2_PLACEMENT_3D('',#2702,#2703,#2704);
#2702 = CARTESIAN_POINT('',(61.,11.,11.));
#2703 = DIRECTION('',(0.,1.,0.));
#2704 = DIRECTION('',(0.,0.,1.));
#2705 = ADVANCED_FACE('',(#2706),#2722,.T.);
#2706 = FACE_BOUND('',#2707,.T.);
#2707 = EDGE_LOOP('',(#2708,#2714,#2715,#2721));
#2708 = ORIENTED_EDGE('',*,*,#2709,.F.);
#2709 = EDGE_CURVE('',#2618,#2658,#2710,.T.);
#2710 = LINE('',#2711,#2712);
#2711 = CARTESIAN_POINT('',(61.,59.,11.));
#2712 = VECTOR('',#2713,1.);
#2713 = DIRECTION('',(1.,0.,0.));
#2714 = ORIENTED_EDGE('',*,*,#2625,.T.);
#2715 = ORIENTED_EDGE('',*,*,#2716,.T.);
#2716 = EDGE_CURVE('',#2626,#2666,#2717,.T.);
#2717 = LINE('',#2718,#2719);
#2718 = CARTESIAN_POINT('',(61.,59.,45.));
#2719 = VECTOR('',#2720,1.);
#2720 = DIRECTION('',(1.,0.,0.));
#2721 = ORIENTED_EDGE('',*,*,#2665,.F.);
#2722 = PLANE('',#2723);
#2723 = AXIS2_PLACEMENT_3D('',#2724,#2725,#2726);
#2724 = CARTESIAN_POINT('',(61.,59.,11.));
#2725 = DIRECTION('',(0.,1.,0.));
#2726 = DIRECTION('',(0.,0.,1.));
#2727 = ADVANCED_FACE('',(#2728),#2734,.F.);
#2728 = FACE_BOUND('',#2729,.F.);
#2729 = EDGE_LOOP('',(#2730,#2731,#2732,#2733));
#2730 = ORIENTED_EDGE('',*,*,#2617,.F.);
#2731 = ORIENTED_EDGE('',*,*,#2687,.T.);
#2732 = ORIENTED_EDGE('',*,*,#2657,.T.);
#2733 = ORIENTED_EDGE('',*,*,#2709,.F.);
#2734 = PLANE('',#2735);
#2735 = AXIS2_PLACEMENT_3D('',#2736,#2737,#2738);
#2736 = CARTESIAN_POINT('',(61.,11.,11.));
#2737 = DIRECTION('',(0.,0.,1.));
#2738 = DIRECTION('',(1.,0.,0.));
#2739 = ADVANCED_FACE('',(#2740),#2746,.T.);
#2740 = FACE_BOUND('',#2741,.T.);
#2741 = EDGE_LOOP('',(#2742,#2743,#2744,#2745));
#2742 = ORIENTED_EDGE('',*,*,#2633,.F.);
#2743 = ORIENTED_EDGE('',*,*,#2694,.T.);
#2744 = ORIENTED_EDGE('',*,*,#2673,.T.);
#2745 = ORIENTED_EDGE('',*,*,#2716,.F.);
#2746 = PLANE('',#2747);
#2747 = AXIS2_PLACEMENT_3D('',#2748,#2749,#2750);
#2748 = CARTESIAN_POINT('',(61.,11.,45.));
#2749 = DIRECTION('',(0.,0.,1.));
#2750 = DIRECTION('',(1.,0.,0.));
#2751 = MANIFOLD_SOLID_BREP('',#2752);
#2752 = CLOSED_SHELL('',(#2753,#2793,#2833,#2855,#2877,#2889));
#2753 = ADVANCED_FACE('',(#2754),#2788,.F.);
#2754 = FACE_BOUND('',#2755,.F.);
#2755 = EDGE_LOOP('',(#2756,#2766,#2774,#2782));
#2756 = ORIENTED_EDGE('',*,*,#2757,.F.);
#2757 = EDGE_CURVE('',#2758,#2760,#2762,.T.);
#2758 = VERTEX_POINT('',#2759);
#2759 = CARTESIAN_POINT('',(47.5,27.,25.));
#2760 = VERTEX_POINT('',#2761);
#2761 = CARTESIAN_POINT('',(47.5,27.,31.));
#2762 = LINE('',#2763,#2764);
#2763 = CARTESIAN_POINT('',(47.5,27.,25.));
#2764 = VECTOR('',#2765,1.);
#2765 = DIRECTION('',(0.,0.,1.));
#2766 = ORIENTED_EDGE('',*,*,#2767,.T.);
#2767 = EDGE_CURVE('',#2758,#2768,#2770,.T.);
#2768 = VERTEX_POINT('',#2769);
#2769 = CARTESIAN_POINT('',(47.5,43.,25.));
#2770 = LINE('',#2771,#2772);
#2771 = CARTESIAN_POINT('',(47.5,27.,25.));
#2772 = VECTOR('',#2773,1.);
#2773 = DIRECTION('',(0.,1.,0.));
#2774 = ORIENTED_EDGE('',*,*,#2775,.T.);
#2775 = EDGE_CURVE('',#2768,#2776,#2778,.T.);
#2776 = VERTEX_POINT('',#2777);
#2777 = CARTESIAN_POINT('',(47.5,43.,31.));
#2778 = LINE('',#2779,#2780);
#2779 = CARTESIAN_POINT('',(47.5,43.,25.));
#2780 = VECTOR('',#2781,1.);
#2781 = DIRECTION('',(0.,0.,1.));
#2782 = ORIENTED_EDGE('',*,*,#2783,.F.);
#2783 = EDGE_CURVE('',#2760,#2776,#2784,.T.);
#2784 = LINE('',#2785,#2786);
#2785 = CARTESIAN_POINT('',(47.5,27.,31.));
#2786 = VECTOR('',#2787,1.);
#2787 = DIRECTION('',(0.,1.,0.));
#2788 = PLANE('',#2789);
#2789 = AXIS2_PLACEMENT_3D('',#2790,#2791,#2792);
#2790 = CARTESIAN_POINT('',(47.5,27.,25.));
#2791 = DIRECTION('',(1.,0.,0.));
#2792 = DIRECTION('',(0.,0.,1.));
#2793 = ADVANCED_FACE('',(#2794),#2828,.T.);
#2794 = FACE_BOUND('',#2795,.T.);
#2795 = EDGE_LOOP('',(#2796,#2806,#2814,#2822));
#2796 = ORIENTED_EDGE('',*,*,#2797,.F.);
#2797 = EDGE_CURVE('',#2798,#2800,#2802,.T.);
#2798 = VERTEX_POINT('',#2799);
#2799 = CARTESIAN_POINT('',(59.5,27.,25.));
#2800 = VERTEX_POINT('',#2801);
#2801 = CARTESIAN_POINT('',(59.5,27.,31.));
#2802 = LINE('',#2803,#2804);
#2803 = CARTESIAN_POINT('',(59.5,27.,25.));
#2804 = VECTOR('',#2805,1.);
#2805 = DIRECTION('',(0.,0.,1.));
#2806 = ORIENTED_EDGE('',*,*,#2807,.T.);
#2807 = EDGE_CURVE('',#2798,#2808,#2810,.T.);
#2808 = VERTEX_POINT('',#2809);
#2809 = CARTESIAN_POINT('',(59.5,43.,25.));
#2810 = LINE('',#2811,#2812);
#2811 = CARTESIAN_POINT('',(59.5,27.,25.));
#2812 = VECTOR('',#2813,1.);
#2813 = DIRECTION('',(0.,1.,0.));
#2814 = ORIENTED_EDGE('',*,*,#2815,.T.);
#2815 = EDGE_CURVE('',#2808,#2816,#2818,.T.);
#2816 = VERTEX_POINT('',#2817);
#2817 = CARTESIAN_POINT('',(59.5,43.,31.));
#2818 = LINE('',#2819,#2820);
#2819 = CARTESIAN_POINT('',(59.5,43.,25.));
#2820 = VECTOR('',#2821,1.);
#2821 = DIRECTION('',(0.,0.,1.));
#2822 = ORIENTED_EDGE('',*,*,#2823,.F.);
#2823 = EDGE_CURVE('',#2800,#2816,#2824,.T.);
#2824 = LINE('',#2825,#2826);
#2825 = CARTESIAN_POINT('',(59.5,27.,31.));
#2826 = VECTOR('',#2827,1.);
#2827 = DIRECTION('',(0.,1.,0.));
#2828 = PLANE('',#2829);
#2829 = AXIS2_PLACEMENT_3D('',#2830,#2831,#2832);
#2830 = CARTESIAN_POINT('',(59.5,27.,25.));
#2831 = DIRECTION('',(1.,0.,0.));
#2832 = DIRECTION('',(0.,0.,1.));
#2833 = ADVANCED_FACE('',(#2834),#2850,.F.);
#2834 = FACE_BOUND('',#2835,.F.);
#2835 = EDGE_LOOP('',(#2836,#2842,#2843,#2849));
#2836 = ORIENTED_EDGE('',*,*,#2837,.F.);
#2837 = EDGE_CURVE('',#2758,#2798,#2838,.T.);
#2838 = LINE('',#2839,#2840);
#2839 = CARTESIAN_POINT('',(47.5,27.,25.));
#2840 = VECTOR('',#2841,1.);
#2841 = DIRECTION('',(1.,0.,0.));
#2842 = ORIENTED_EDGE('',*,*,#2757,.T.);
#2843 = ORIENTED_EDGE('',*,*,#2844,.T.);
#2844 = EDGE_CURVE('',#2760,#2800,#2845,.T.);
#2845 = LINE('',#2846,#2847);
#2846 = CARTESIAN_POINT('',(47.5,27.,31.));
#2847 = VECTOR('',#2848,1.);
#2848 = DIRECTION('',(1.,0.,0.));
#2849 = ORIENTED_EDGE('',*,*,#2797,.F.);
#2850 = PLANE('',#2851);
#2851 = AXIS2_PLACEMENT_3D('',#2852,#2853,#2854);
#2852 = CARTESIAN_POINT('',(47.5,27.,25.));
#2853 = DIRECTION('',(0.,1.,0.));
#2854 = DIRECTION('',(0.,0.,1.));
#2855 = ADVANCED_FACE('',(#2856),#2872,.T.);
#2856 = FACE_BOUND('',#2857,.T.);
#2857 = EDGE_LOOP('',(#2858,#2864,#2865,#2871));
#2858 = ORIENTED_EDGE('',*,*,#2859,.F.);
#2859 = EDGE_CURVE('',#2768,#2808,#2860,.T.);
#2860 = LINE('',#2861,#2862);
#2861 = CARTESIAN_POINT('',(47.5,43.,25.));
#2862 = VECTOR('',#2863,1.);
#2863 = DIRECTION('',(1.,0.,0.));
#2864 = ORIENTED_EDGE('',*,*,#2775,.T.);
#2865 = ORIENTED_EDGE('',*,*,#2866,.T.);
#2866 = EDGE_CURVE('',#2776,#2816,#2867,.T.);
#2867 = LINE('',#2868,#2869);
#2868 = CARTESIAN_POINT('',(47.5,43.,31.));
#2869 = VECTOR('',#2870,1.);
#2870 = DIRECTION('',(1.,0.,0.));
#2871 = ORIENTED_EDGE('',*,*,#2815,.F.);
#2872 = PLANE('',#2873);
#2873 = AXIS2_PLACEMENT_3D('',#2874,#2875,#2876);
#2874 = CARTESIAN_POINT('',(47.5,43.,25.));
#2875 = DIRECTION('',(0.,1.,0.));
#2876 = DIRECTION('',(0.,0.,1.));
#2877 = ADVANCED_FACE('',(#2878),#2884,.F.);
#2878 = FACE_BOUND('',#2879,.F.);
#2879 = EDGE_LOOP('',(#2880,#2881,#2882,#2883));
#2880 = ORIENTED_EDGE('',*,*,#2767,.F.);
#2881 = ORIENTED_EDGE('',*,*,#2837,.T.);
#2882 = ORIENTED_EDGE('',*,*,#2807,.T.);
#2883 = ORIENTED_EDGE('',*,*,#2859,.F.);
#2884 = PLANE('',#2885);
#2885 = AXIS2_PLACEMENT_3D('',#2886,#2887,#2888);
#2886 = CARTESIAN_POINT('',(47.5,27.,25.));
#2887 = DIRECTION('',(0.,0.,1.));
#2888 = DIRECTION('',(1.,0.,0.));
#2889 = ADVANCED_FACE('',(#2890),#2896,.T.);
#2890 = FACE_BOUND('',#2891,.T.);
#2891 = EDGE_LOOP('',(#2892,#2893,#2894,#2895));
#2892 = ORIENTED_EDGE('',*,*,#2783,.F.);
#2893 = ORIENTED_EDGE('',*,*,#2844,.T.);
#2894 = ORIENTED_EDGE('',*,*,#2823,.T.);
#2895 = ORIENTED_EDGE('',*,*,#2866,.F.);
#2896 = PLANE('',#2897);
#2897 = AXIS2_PLACEMENT_3D('',#2898,#2899,#2900);
#2898 = CARTESIAN_POINT('',(47.5,27.,31.));
#2899 = DIRECTION('',(0.,0.,1.));
#2900 = DIRECTION('',(1.,0.,0.));
#2901 = MANIFOLD_SOLID_BREP('',#2902);
#2902 = CLOSED_SHELL('',(#2903,#2943,#2983,#3005,#3027,#3039));
#2903 = ADVANCED_FACE('',(#2904),#2938,.F.);
#2904 = FACE_BOUND('',#2905,.F.);
#2905 = EDGE_LOOP('',(#2906,#2916,#2924,#2932));
#2906 = ORIENTED_EDGE('',*,*,#2907,.F.);
#2907 = EDGE_CURVE('',#2908,#2910,#2912,.T.);
#2908 = VERTEX_POINT('',#2909);
#2909 = CARTESIAN_POINT('',(-18.,2.,15.2));
#2910 = VERTEX_POINT('',#2911);
#2911 = CARTESIAN_POINT('',(-18.,2.,29.4));
#2912 = LINE('',#2913,#2914);
#2913 = CARTESIAN_POINT('',(-18.,2.,15.2));
#2914 = VECTOR('',#2915,1.);
#2915 = DIRECTION('',(0.,0.,1.));
#2916 = ORIENTED_EDGE('',*,*,#2917,.T.);
#2917 = EDGE_CURVE('',#2908,#2918,#2920,.T.);
#2918 = VERTEX_POINT('',#2919);
#2919 = CARTESIAN_POINT('',(-18.,20.3,15.2));
#2920 = LINE('',#2921,#2922);
#2921 = CARTESIAN_POINT('',(-18.,2.,15.2));
#2922 = VECTOR('',#2923,1.);
#2923 = DIRECTION('',(0.,1.,0.));
#2924 = ORIENTED_EDGE('',*,*,#2925,.T.);
#2925 = EDGE_CURVE('',#2918,#2926,#2928,.T.);
#2926 = VERTEX_POINT('',#2927);
#2927 = CARTESIAN_POINT('',(-18.,20.3,29.4));
#2928 = LINE('',#2929,#2930);
#2929 = CARTESIAN_POINT('',(-18.,20.3,15.2));
#2930 = VECTOR('',#2931,1.);
#2931 = DIRECTION('',(0.,0.,1.));
#2932 = ORIENTED_EDGE('',*,*,#2933,.F.);
#2933 = EDGE_CURVE('',#2910,#2926,#2934,.T.);
#2934 = LINE('',#2935,#2936);
#2935 = CARTESIAN_POINT('',(-18.,2.,29.4));
#2936 = VECTOR('',#2937,1.);
#2937 = DIRECTION('',(0.,1.,0.));
#2938 = PLANE('',#2939);
#2939 = AXIS2_PLACEMENT_3D('',#2940,#2941,#2942);
#2940 = CARTESIAN_POINT('',(-18.,2.,15.2));
#2941 = DIRECTION('',(1.,0.,0.));
#2942 = DIRECTION('',(0.,0.,1.));
#2943 = ADVANCED_FACE('',(#2944),#2978,.T.);
#2944 = FACE_BOUND('',#2945,.T.);
#2945 = EDGE_LOOP('',(#2946,#2956,#2964,#2972));
#2946 = ORIENTED_EDGE('',*,*,#2947,.F.);
#2947 = EDGE_CURVE('',#2948,#2950,#2952,.T.);
#2948 = VERTEX_POINT('',#2949);
#2949 = CARTESIAN_POINT('',(2.,2.,15.2));
#2950 = VERTEX_POINT('',#2951);
#2951 = CARTESIAN_POINT('',(2.,2.,29.4));
#2952 = LINE('',#2953,#2954);
#2953 = CARTESIAN_POINT('',(2.,2.,15.2));
#2954 = VECTOR('',#2955,1.);
#2955 = DIRECTION('',(0.,0.,1.));
#2956 = ORIENTED_EDGE('',*,*,#2957,.T.);
#2957 = EDGE_CURVE('',#2948,#2958,#2960,.T.);
#2958 = VERTEX_POINT('',#2959);
#2959 = CARTESIAN_POINT('',(2.,20.3,15.2));
#2960 = LINE('',#2961,#2962);
#2961 = CARTESIAN_POINT('',(2.,2.,15.2));
#2962 = VECTOR('',#2963,1.);
#2963 = DIRECTION('',(0.,1.,0.));
#2964 = ORIENTED_EDGE('',*,*,#2965,.T.);
#2965 = EDGE_CURVE('',#2958,#2966,#2968,.T.);
#2966 = VERTEX_POINT('',#2967);
#2967 = CARTESIAN_POINT('',(2.,20.3,29.4));
#2968 = LINE('',#2969,#2970);
#2969 = CARTESIAN_POINT('',(2.,20.3,15.2));
#2970 = VECTOR('',#2971,1.);
#2971 = DIRECTION('',(0.,0.,1.));
#2972 = ORIENTED_EDGE('',*,*,#2973,.F.);
#2973 = EDGE_CURVE('',#2950,#2966,#2974,.T.);
#2974 = LINE('',#2975,#2976);
#2975 = CARTESIAN_POINT('',(2.,2.,29.4));
#2976 = VECTOR('',#2977,1.);
#2977 = DIRECTION('',(0.,1.,0.));
#2978 = PLANE('',#2979);
#2979 = AXIS2_PLACEMENT_3D('',#2980,#2981,#2982);
#2980 = CARTESIAN_POINT('',(2.,2.,15.2));
#2981 = DIRECTION('',(1.,0.,0.));
#2982 = DIRECTION('',(0.,0.,1.));
#2983 = ADVANCED_FACE('',(#2984),#3000,.F.);
#2984 = FACE_BOUND('',#2985,.F.);
#2985 = EDGE_LOOP('',(#2986,#2992,#2993,#2999));
#2986 = ORIENTED_EDGE('',*,*,#2987,.F.);
#2987 = EDGE_CURVE('',#2908,#2948,#2988,.T.);
#2988 = LINE('',#2989,#2990);
#2989 = CARTESIAN_POINT('',(-18.,2.,15.2));
#2990 = VECTOR('',#2991,1.);
#2991 = DIRECTION('',(1.,0.,0.));
#2992 = ORIENTED_EDGE('',*,*,#2907,.T.);
#2993 = ORIENTED_EDGE('',*,*,#2994,.T.);
#2994 = EDGE_CURVE('',#2910,#2950,#2995,.T.);
#2995 = LINE('',#2996,#2997);
#2996 = CARTESIAN_POINT('',(-18.,2.,29.4));
#2997 = VECTOR('',#2998,1.);
#2998 = DIRECTION('',(1.,0.,0.));
#2999 = ORIENTED_EDGE('',*,*,#2947,.F.);
#3000 = PLANE('',#3001);
#3001 = AXIS2_PLACEMENT_3D('',#3002,#3003,#3004);
#3002 = CARTESIAN_POINT('',(-18.,2.,15.2));
#3003 = DIRECTION('',(0.,1.,0.));
#3004 = DIRECTION('',(0.,0.,1.));
#3005 = ADVANCED_FACE('',(#3006),#3022,.T.);
#3006 = FACE_BOUND('',#3007,.T.);
#3007 = EDGE_LOOP('',(#3008,#3014,#3015,#3021));
#3008 = ORIENTED_EDGE('',*,*,#3009,.F.);
#3009 = EDGE_CURVE('',#2918,#2958,#3010,.T.);
#3010 = LINE('',#3011,#3012);
#3011 = CARTESIAN_POINT('',(-18.,20.3,15.2));
#3012 = VECTOR('',#3013,1.);
#3013 = DIRECTION('',(1.,0.,0.));
#3014 = ORIENTED_EDGE('',*,*,#2925,.T.);
#3015 = ORIENTED_EDGE('',*,*,#3016,.T.);
#3016 = EDGE_CURVE('',#2926,#2966,#3017,.T.);
#3017 = LINE('',#3018,#3019);
#3018 = CARTESIAN_POINT('',(-18.,20.3,29.4));
#3019 = VECTOR('',#3020,1.);
#3020 = DIRECTION('',(1.,0.,0.));
#3021 = ORIENTED_EDGE('',*,*,#2965,.F.);
#3022 = PLANE('',#3023);
#3023 = AXIS2_PLACEMENT_3D('',#3024,#3025,#3026);
#3024 = CARTESIAN_POINT('',(-18.,20.3,15.2));
#3025 = DIRECTION('',(0.,1.,0.));
#3026 = DIRECTION('',(0.,0.,1.));
#3027 = ADVANCED_FACE('',(#3028),#3034,.F.);
#3028 = FACE_BOUND('',#3029,.F.);
#3029 = EDGE_LOOP('',(#3030,#3031,#3032,#3033));
#3030 = ORIENTED_EDGE('',*,*,#2917,.F.);
#3031 = ORIENTED_EDGE('',*,*,#2987,.T.);
#3032 = ORIENTED_EDGE('',*,*,#2957,.T.);
#3033 = ORIENTED_EDGE('',*,*,#3009,.F.);
#3034 = PLANE('',#3035);
#3035 = AXIS2_PLACEMENT_3D('',#3036,#3037,#3038);
#3036 = CARTESIAN_POINT('',(-18.,2.,15.2));
#3037 = DIRECTION('',(0.,0.,1.));
#3038 = DIRECTION('',(1.,0.,0.));
#3039 = ADVANCED_FACE('',(#3040),#3046,.T.);
#3040 = FACE_BOUND('',#3041,.T.);
#3041 = EDGE_LOOP('',(#3042,#3043,#3044,#3045));
#3042 = ORIENTED_EDGE('',*,*,#2933,.F.);
#3043 = ORIENTED_EDGE('',*,*,#2994,.T.);
#3044 = ORIENTED_EDGE('',*,*,#2973,.T.);
#3045 = ORIENTED_EDGE('',*,*,#3016,.F.);
#3046 = PLANE('',#3047);
#3047 = AXIS2_PLACEMENT_3D('',#3048,#3049,#3050);
#3048 = CARTESIAN_POINT('',(-18.,2.,29.4));
#3049 = DIRECTION('',(0.,0.,1.));
#3050 = DIRECTION('',(1.,0.,0.));
#3051 = MANIFOLD_SOLID_BREP('',#3052);
#3052 = CLOSED_SHELL('',(#3053,#3093,#3133,#3155,#3177,#3189));
#3053 = ADVANCED_FACE('',(#3054),#3088,.F.);
#3054 = FACE_BOUND('',#3055,.F.);
#3055 = EDGE_LOOP('',(#3056,#3066,#3074,#3082));
#3056 = ORIENTED_EDGE('',*,*,#3057,.F.);
#3057 = EDGE_CURVE('',#3058,#3060,#3062,.T.);
#3058 = VERTEX_POINT('',#3059);
#3059 = CARTESIAN_POINT('',(46.,6.,32.));
#3060 = VERTEX_POINT('',#3061);
#3061 = CARTESIAN_POINT('',(46.,6.,33.));
#3062 = LINE('',#3063,#3064);
#3063 = CARTESIAN_POINT('',(46.,6.,32.));
#3064 = VECTOR('',#3065,1.);
#3065 = DIRECTION('',(0.,0.,1.));
#3066 = ORIENTED_EDGE('',*,*,#3067,.T.);
#3067 = EDGE_CURVE('',#3058,#3068,#3070,.T.);
#3068 = VERTEX_POINT('',#3069);
#3069 = CARTESIAN_POINT('',(46.,12.6,32.));
#3070 = LINE('',#3071,#3072);
#3071 = CARTESIAN_POINT('',(46.,6.,32.));
#3072 = VECTOR('',#3073,1.);
#3073 = DIRECTION('',(0.,1.,0.));
#3074 = ORIENTED_EDGE('',*,*,#3075,.T.);
#3075 = EDGE_CURVE('',#3068,#3076,#3078,.T.);
#3076 = VERTEX_POINT('',#3077);
#3077 = CARTESIAN_POINT('',(46.,12.6,33.));
#3078 = LINE('',#3079,#3080);
#3079 = CARTESIAN_POINT('',(46.,12.6,32.));
#3080 = VECTOR('',#3081,1.);
#3081 = DIRECTION('',(0.,0.,1.));
#3082 = ORIENTED_EDGE('',*,*,#3083,.F.);
#3083 = EDGE_CURVE('',#3060,#3076,#3084,.T.);
#3084 = LINE('',#3085,#3086);
#3085 = CARTESIAN_POINT('',(46.,6.,33.));
#3086 = VECTOR('',#3087,1.);
#3087 = DIRECTION('',(0.,1.,0.));
#3088 = PLANE('',#3089);
#3089 = AXIS2_PLACEMENT_3D('',#3090,#3091,#3092);
#3090 = CARTESIAN_POINT('',(46.,6.,32.));
#3091 = DIRECTION('',(1.,0.,0.));
#3092 = DIRECTION('',(0.,0.,1.));
#3093 = ADVANCED_FACE('',(#3094),#3128,.T.);
#3094 = FACE_BOUND('',#3095,.T.);
#3095 = EDGE_LOOP('',(#3096,#3106,#3114,#3122));
#3096 = ORIENTED_EDGE('',*,*,#3097,.F.);
#3097 = EDGE_CURVE('',#3098,#3100,#3102,.T.);
#3098 = VERTEX_POINT('',#3099);
#3099 = CARTESIAN_POINT('',(55.,6.,32.));
#3100 = VERTEX_POINT('',#3101);
#3101 = CARTESIAN_POINT('',(55.,6.,33.));
#3102 = LINE('',#3103,#3104);
#3103 = CARTESIAN_POINT('',(55.,6.,32.));
#3104 = VECTOR('',#3105,1.);
#3105 = DIRECTION('',(0.,0.,1.));
#3106 = ORIENTED_EDGE('',*,*,#3107,.T.);
#3107 = EDGE_CURVE('',#3098,#3108,#3110,.T.);
#3108 = VERTEX_POINT('',#3109);
#3109 = CARTESIAN_POINT('',(55.,12.6,32.));
#3110 = LINE('',#3111,#3112);
#3111 = CARTESIAN_POINT('',(55.,6.,32.));
#3112 = VECTOR('',#3113,1.);
#3113 = DIRECTION('',(0.,1.,0.));
#3114 = ORIENTED_EDGE('',*,*,#3115,.T.);
#3115 = EDGE_CURVE('',#3108,#3116,#3118,.T.);
#3116 = VERTEX_POINT('',#3117);
#3117 = CARTESIAN_POINT('',(55.,12.6,33.));
#3118 = LINE('',#3119,#3120);
#3119 = CARTESIAN_POINT('',(55.,12.6,32.));
#3120 = VECTOR('',#3121,1.);
#3121 = DIRECTION('',(0.,0.,1.));
#3122 = ORIENTED_EDGE('',*,*,#3123,.F.);
#3123 = EDGE_CURVE('',#3100,#3116,#3124,.T.);
#3124 = LINE('',#3125,#3126);
#3125 = CARTESIAN_POINT('',(55.,6.,33.));
#3126 = VECTOR('',#3127,1.);
#3127 = DIRECTION('',(0.,1.,0.));
#3128 = PLANE('',#3129);
#3129 = AXIS2_PLACEMENT_3D('',#3130,#3131,#3132);
#3130 = CARTESIAN_POINT('',(55.,6.,32.));
#3131 = DIRECTION('',(1.,0.,0.));
#3132 = DIRECTION('',(0.,0.,1.));
#3133 = ADVANCED_FACE('',(#3134),#3150,.F.);
#3134 = FACE_BOUND('',#3135,.F.);
#3135 = EDGE_LOOP('',(#3136,#3142,#3143,#3149));
#3136 = ORIENTED_EDGE('',*,*,#3137,.F.);
#3137 = EDGE_CURVE('',#3058,#3098,#3138,.T.);
#3138 = LINE('',#3139,#3140);
#3139 = CARTESIAN_POINT('',(46.,6.,32.));
#3140 = VECTOR('',#3141,1.);
#3141 = DIRECTION('',(1.,0.,0.));
#3142 = ORIENTED_EDGE('',*,*,#3057,.T.);
#3143 = ORIENTED_EDGE('',*,*,#3144,.T.);
#3144 = EDGE_CURVE('',#3060,#3100,#3145,.T.);
#3145 = LINE('',#3146,#3147);
#3146 = CARTESIAN_POINT('',(46.,6.,33.));
#3147 = VECTOR('',#3148,1.);
#3148 = DIRECTION('',(1.,0.,0.));
#3149 = ORIENTED_EDGE('',*,*,#3097,.F.);
#3150 = PLANE('',#3151);
#3151 = AXIS2_PLACEMENT_3D('',#3152,#3153,#3154);
#3152 = CARTESIAN_POINT('',(46.,6.,32.));
#3153 = DIRECTION('',(0.,1.,0.));
#3154 = DIRECTION('',(0.,0.,1.));
#3155 = ADVANCED_FACE('',(#3156),#3172,.T.);
#3156 = FACE_BOUND('',#3157,.T.);
#3157 = EDGE_LOOP('',(#3158,#3164,#3165,#3171));
#3158 = ORIENTED_EDGE('',*,*,#3159,.F.);
#3159 = EDGE_CURVE('',#3068,#3108,#3160,.T.);
#3160 = LINE('',#3161,#3162);
#3161 = CARTESIAN_POINT('',(46.,12.6,32.));
#3162 = VECTOR('',#3163,1.);
#3163 = DIRECTION('',(1.,0.,0.));
#3164 = ORIENTED_EDGE('',*,*,#3075,.T.);
#3165 = ORIENTED_EDGE('',*,*,#3166,.T.);
#3166 = EDGE_CURVE('',#3076,#3116,#3167,.T.);
#3167 = LINE('',#3168,#3169);
#3168 = CARTESIAN_POINT('',(46.,12.6,33.));
#3169 = VECTOR('',#3170,1.);
#3170 = DIRECTION('',(1.,0.,0.));
#3171 = ORIENTED_EDGE('',*,*,#3115,.F.);
#3172 = PLANE('',#3173);
#3173 = AXIS2_PLACEMENT_3D('',#3174,#3175,#3176);
#3174 = CARTESIAN_POINT('',(46.,12.6,32.));
#3175 = DIRECTION('',(0.,1.,0.));
#3176 = DIRECTION('',(0.,0.,1.));
#3177 = ADVANCED_FACE('',(#3178),#3184,.F.);
#3178 = FACE_BOUND('',#3179,.F.);
#3179 = EDGE_LOOP('',(#3180,#3181,#3182,#3183));
#3180 = ORIENTED_EDGE('',*,*,#3067,.F.);
#3181 = ORIENTED_EDGE('',*,*,#3137,.T.);
#3182 = ORIENTED_EDGE('',*,*,#3107,.T.);
#3183 = ORIENTED_EDGE('',*,*,#3159,.F.);
#3184 = PLANE('',#3185);
#3185 = AXIS2_PLACEMENT_3D('',#3186,#3187,#3188);
#3186 = CARTESIAN_POINT('',(46.,6.,32.));
#3187 = DIRECTION('',(0.,0.,1.));
#3188 = DIRECTION('',(1.,0.,0.));
#3189 = ADVANCED_FACE('',(#3190),#3196,.T.);
#3190 = FACE_BOUND('',#3191,.T.);
#3191 = EDGE_LOOP('',(#3192,#3193,#3194,#3195));
#3192 = ORIENTED_EDGE('',*,*,#3083,.F.);
#3193 = ORIENTED_EDGE('',*,*,#3144,.T.);
#3194 = ORIENTED_EDGE('',*,*,#3123,.T.);
#3195 = ORIENTED_EDGE('',*,*,#3166,.F.);
#3196 = PLANE('',#3197);
#3197 = AXIS2_PLACEMENT_3D('',#3198,#3199,#3200);
#3198 = CARTESIAN_POINT('',(46.,6.,33.));
#3199 = DIRECTION('',(0.,0.,1.));
#3200 = DIRECTION('',(1.,0.,0.));
#3201 = ( GEOMETRIC_REPRESENTATION_CONTEXT(3) 
GLOBAL_UNCERTAINTY_ASSIGNED_CONTEXT((#3205)) 
GLOBAL_UNIT_ASSIGNED_CONTEXT((#3202,#3203,#3204)) REPRESENTATION_CONTEXT
('Context #1','3D Context with UNIT and UNCERTAINTY') );
#3202 = ( LENGTH_UNIT() NAMED_UNIT(*) SI_UNIT(.MILLI.,.METRE.) );
#3203 = ( NAMED_UNIT(*) PLANE_ANGLE_UNIT() SI_UNIT($,.RADIAN.) );
#3204 = ( NAMED_UNIT(*) SI_UNIT($,.STERADIAN.) SOLID_ANGLE_UNIT() );
#3205 = UNCERTAINTY_MEASURE_WITH_UNIT(LENGTH_MEASURE(1.E-07),#3202,
  'distance_accuracy_value','confusion accuracy');
#3206 = PRODUCT_RELATED_PRODUCT_CATEGORY('part',$,(#7));
ENDSEC;
END-ISO-10303-21;
